latitude,longitude,e2008g_N,e2008g_n,p
40.3412,-74.6299,2,1,0.5
40.3414,-74.6299,1,1,1
40.3412,-74.6298,2,2,1
40.3413,-74.6297,1,1,1
40.3411,-74.6293,2,2,1
40.3412,-74.6291,1,0,0
40.341,-74.629,4,3,0.75
40.3409,-74.6289,4,2,0.5
40.341,-74.6289,2,1,0.5
40.3411,-74.6289,2,2,1
40.3414,-74.6286,1,1,1
40.3412,-74.6285,3,2,0.666666667
40.3414,-74.6285,2,0,0
40.3418,-74.6281,3,3,1
40.3419,-74.6281,1,1,1
40.3417,-74.628,3,2,0.666666667
40.3422,-74.6277,4,4,1
40.3436,-74.6277,3,3,1
40.3421,-74.6275,1,1,1
40.3424,-74.6275,1,0,0
40.3435,-74.6275,3,1,0.333333333
40.3426,-74.6273,6,5,0.833333333
40.3434,-74.6273,1,0,0
40.3433,-74.6272,2,1,0.5
40.3434,-74.6272,1,0,0
40.3431,-74.627,2,1,0.5
40.3429,-74.6269,2,0,0
40.343,-74.6269,1,0,0
40.343,-74.6268,2,1,0.5
40.3541,-74.6251,1,0,0
40.3577,-74.6239,3,2,0.666666667
40.359,-74.6235,1,1,1
40.3495,-74.6233,3,2,0.666666667
40.3496,-74.6233,1,1,1
40.3497,-74.6233,4,4,1
40.3498,-74.6233,10,10,1
40.3499,-74.6233,7,6,0.857142857
40.35,-74.6233,3,1,0.333333333
40.3501,-74.6233,9,7,0.777777778
40.3502,-74.6233,5,5,1
40.3503,-74.6233,4,4,1
40.3492,-74.6232,1,1,1
40.3493,-74.6232,1,1,1
40.3494,-74.6232,3,3,1
40.3495,-74.6232,1,1,1
40.3503,-74.6232,1,0,0
40.3491,-74.6231,2,1,0.5
40.3492,-74.6231,4,4,1
40.3497,-74.6231,3,3,1
40.3499,-74.6231,3,3,1
40.35,-74.6231,2,2,1
40.3501,-74.6231,2,1,0.5
40.3502,-74.6231,2,2,1
40.3503,-74.6231,1,1,1
40.3593,-74.6231,1,1,1
40.349,-74.623,2,1,0.5
40.3491,-74.623,1,0,0
40.3494,-74.623,2,2,1
40.3491,-74.6229,1,0,0
40.3521,-74.6229,1,1,1
40.36,-74.6229,5,4,0.8
40.3488,-74.6227,3,2,0.666666667
40.349,-74.6227,4,3,0.75
40.3512,-74.6227,2,2,1
40.3536,-74.6227,1,1,1
40.3602,-74.6227,1,1,1
40.3488,-74.6226,1,1,1
40.349,-74.6226,6,6,1
40.3537,-74.6226,4,4,1
40.3538,-74.6226,3,0,0
40.3603,-74.6226,4,2,0.5
40.3539,-74.6225,2,2,1
40.3603,-74.6225,1,1,1
40.3487,-74.6224,2,2,1
40.3489,-74.6224,6,5,0.833333333
40.354,-74.6224,2,0,0
40.3487,-74.6223,3,0,0
40.3489,-74.6223,5,4,0.8
40.3541,-74.6223,7,4,0.571428571
40.3488,-74.6222,1,1,1
40.3542,-74.6222,2,2,1
40.3487,-74.6221,1,0,0
40.3488,-74.6221,4,4,1
40.3542,-74.6221,2,2,1
40.3486,-74.622,3,2,0.666666667
40.3488,-74.622,2,0,0
40.3486,-74.6219,3,3,1
40.3488,-74.6219,3,3,1
40.3543,-74.6219,7,5,0.714285714
40.3544,-74.6219,3,2,0.666666667
40.3608,-74.6219,2,2,1
40.3486,-74.6218,4,4,1
40.3544,-74.6218,2,2,1
40.3486,-74.6217,1,1,1
40.3486,-74.6216,2,2,1
40.3544,-74.6216,2,2,1
40.3544,-74.6215,2,0,0
40.3487,-74.6214,2,2,1
40.3487,-74.6213,2,2,1
40.3544,-74.6213,3,3,1
40.3544,-74.6212,1,0,0
40.3542,-74.621,2,0,0
40.3541,-74.6209,2,1,0.5
40.3541,-74.6208,3,3,1
40.3539,-74.6206,1,1,1
40.3536,-74.6204,3,3,1
40.3537,-74.6204,2,1,0.5
40.3494,-74.6202,3,3,1
40.3534,-74.6202,1,1,1
40.3535,-74.6202,2,0,0
40.3604,-74.6202,1,0,0
40.3605,-74.6202,6,3,0.5
40.3604,-74.6201,1,1,1
40.3533,-74.62,5,4,0.8
40.3566,-74.62,1,1,1
40.3532,-74.6199,2,2,1
40.3567,-74.6198,1,1,1
40.3615,-74.6198,6,5,0.833333333
40.3531,-74.6197,2,2,1
40.3616,-74.6197,4,4,1
40.3504,-74.6196,22,21,0.954545455
40.3505,-74.6196,19,11,0.578947368
40.3507,-74.6196,18,14,0.777777778
40.3509,-74.6196,64,46,0.71875
40.351,-74.6196,80,59,0.7375
40.3511,-74.6196,17,15,0.882352941
40.36,-74.6196,2,1,0.5
40.3506,-74.6195,7,3,0.428571429
40.3507,-74.6195,37,25,0.675675676
40.3508,-74.6195,5,4,0.8
40.3511,-74.6195,40,29,0.725
40.3512,-74.6195,59,43,0.728813559
40.3531,-74.6195,1,1,1
40.3561,-74.6195,2,2,1
40.36,-74.6195,4,4,1
40.3507,-74.6194,38,33,0.868421053
40.3508,-74.6194,4,2,0.5
40.3509,-74.6194,15,14,0.933333333
40.351,-74.6194,11,10,0.909090909
40.3511,-74.6194,7,7,1
40.3569,-74.6194,2,2,1
40.3507,-74.6193,39,28,0.717948718
40.3511,-74.6193,10,9,0.9
40.3512,-74.6193,2,2,1
40.3513,-74.6193,3,0,0
40.3529,-74.6193,2,0,0
40.363,-74.6193,2,2,1
40.3506,-74.6192,3,2,0.666666667
40.3507,-74.6192,42,32,0.761904762
40.3514,-74.6192,4,3,0.75
40.3515,-74.6192,4,2,0.5
40.3528,-74.6192,3,0,0
40.357,-74.6192,2,2,1
40.3516,-74.6191,4,1,0.25
40.3517,-74.6191,1,1,1
40.3518,-74.6191,2,2,1
40.3521,-74.6191,1,0,0
40.3563,-74.6191,2,1,0.5
40.3519,-74.619,1,0,0
40.352,-74.619,4,3,0.75
40.3523,-74.619,2,0,0
40.3525,-74.619,2,0,0
40.3526,-74.619,2,2,1
40.3599,-74.619,1,0,0
40.3599,-74.6189,2,1,0.5
40.3621,-74.6188,2,0,0
40.3621,-74.6187,3,1,0.333333333
40.3551,-74.6185,2,2,1
40.3552,-74.6185,2,2,1
40.3552,-74.6184,2,2,1
40.3606,-74.6184,2,1,0.5
40.3552,-74.6183,2,2,1
40.3608,-74.6183,1,1,1
40.3609,-74.6183,5,4,0.8
40.361,-74.6183,3,2,0.666666667
40.3552,-74.6182,1,1,1
40.3614,-74.6182,7,2,0.285714286
40.3621,-74.6182,5,3,0.6
40.3553,-74.6181,1,1,1
40.3554,-74.618,1,1,1
40.3575,-74.6179,4,4,1
40.3576,-74.6179,4,4,1
40.3554,-74.6178,1,1,1
40.3625,-74.6178,7,3,0.428571429
40.363,-74.6178,6,3,0.5
40.3553,-74.6177,1,1,1
40.3632,-74.6177,7,2,0.285714286
40.3297,-74.6173,3,1,0.333333333
40.3634,-74.6173,2,0,0
40.3294,-74.6172,2,0,0
40.33,-74.6172,4,2,0.5
40.3294,-74.6171,2,2,1
40.3303,-74.6171,2,0,0
40.329,-74.6168,1,1,1
40.3304,-74.6168,2,2,1
40.3291,-74.6167,3,2,0.666666667
40.3292,-74.6167,2,2,1
40.3304,-74.6167,2,2,1
40.356,-74.6165,5,5,1
40.3304,-74.6164,2,2,1
40.356,-74.6164,2,2,1
40.356,-74.6163,2,1,0.5
40.3287,-74.6161,2,2,1
40.3304,-74.6161,2,2,1
40.3303,-74.616,9,4,0.444444444
40.3304,-74.616,2,1,0.5
40.3303,-74.6158,7,6,0.857142857
40.3304,-74.6158,2,2,1
40.3286,-74.6157,5,4,0.8
40.3304,-74.6157,2,1,0.5
40.3546,-74.6157,5,3,0.6
40.3547,-74.6157,5,3,0.6
40.3549,-74.6157,5,5,1
40.3279,-74.6156,2,0,0
40.3544,-74.6156,2,2,1
40.3545,-74.6156,31,17,0.548387097
40.3276,-74.6155,1,1,1
40.3281,-74.6155,1,1,1
40.3304,-74.6155,2,2,1
40.3545,-74.6155,1,1,1
40.3274,-74.6154,2,2,1
40.3278,-74.6154,1,0,0
40.3282,-74.6154,2,2,1
40.3284,-74.6154,4,4,1
40.3284,-74.6153,4,4,1
40.3544,-74.6153,2,2,1
40.3545,-74.6153,2,2,1
40.3272,-74.6152,2,2,1
40.3274,-74.6152,3,2,0.666666667
40.3284,-74.6152,6,2,0.333333333
40.3543,-74.6152,8,7,0.875
40.3545,-74.6152,2,2,1
40.3273,-74.6151,3,3,1
40.3284,-74.6151,1,0,0
40.3285,-74.6151,3,2,0.666666667
40.3293,-74.6151,8,7,0.875
40.3544,-74.6151,5,2,0.4
40.327,-74.615,1,0,0
40.3304,-74.615,2,1,0.5
40.3543,-74.615,7,5,0.714285714
40.3544,-74.615,7,5,0.714285714
40.3285,-74.6149,1,1,1
40.3292,-74.6149,4,3,0.75
40.3293,-74.6149,3,3,1
40.3304,-74.6148,2,0,0
40.3543,-74.6148,6,6,1
40.327,-74.6147,1,1,1
40.3271,-74.6145,3,2,0.666666667
40.3284,-74.6145,2,1,0.5
40.3304,-74.6145,2,0,0
40.3269,-74.6144,2,2,1
40.3271,-74.6143,3,3,1
40.3303,-74.6143,2,2,1
40.3269,-74.6142,2,1,0.5
40.3302,-74.6142,2,2,1
40.327,-74.6141,1,1,1
40.33,-74.614,3,3,1
40.3268,-74.6139,1,1,1
40.3269,-74.6139,1,1,1
40.327,-74.6139,3,2,0.666666667
40.3299,-74.6138,2,1,0.5
40.3268,-74.6137,1,0,0
40.3269,-74.6137,6,6,1
40.3298,-74.6137,2,2,1
40.3298,-74.6136,2,2,1
40.3268,-74.6135,4,3,0.75
40.3299,-74.6135,4,3,0.75
40.33,-74.6134,5,4,0.8
40.3267,-74.6133,3,1,0.333333333
40.3288,-74.6133,3,2,0.666666667
40.3289,-74.6133,2,2,1
40.33,-74.6133,1,0,0
40.3286,-74.6132,4,4,1
40.3287,-74.6132,2,1,0.5
40.3288,-74.6132,2,1,0.5
40.3301,-74.6132,1,1,1
40.3302,-74.6132,2,1,0.5
40.3288,-74.6131,2,1,0.5
40.3303,-74.6131,2,2,1
40.329,-74.613,2,2,1
40.3303,-74.613,4,4,1
40.3309,-74.613,5,3,0.6
40.3304,-74.6129,3,2,0.666666667
40.3267,-74.6128,2,0,0
40.3291,-74.6128,3,1,0.333333333
40.3302,-74.6128,11,10,0.909090909
40.3303,-74.6128,4,2,0.5
40.3302,-74.6127,2,2,1
40.3304,-74.6127,10,5,0.5
40.3305,-74.6127,2,2,1
40.3269,-74.6126,2,1,0.5
40.3293,-74.6126,2,0,0
40.3295,-74.6126,2,0,0
40.3303,-74.6126,2,1,0.5
40.3271,-74.6125,1,1,1
40.3273,-74.6124,2,1,0.5
40.3294,-74.6124,2,0,0
40.3297,-74.6124,3,3,1
40.3278,-74.6122,1,0,0
40.3296,-74.6122,2,2,1
40.331,-74.6122,2,2,1
40.3297,-74.6121,2,2,1
40.331,-74.6121,2,1,0.5
40.3322,-74.6121,2,1,0.5
40.3323,-74.6121,4,3,0.75
40.328,-74.612,2,1,0.5
40.3296,-74.612,1,1,1
40.3301,-74.612,1,0,0
40.331,-74.612,2,2,1
40.3311,-74.612,2,2,1
40.3298,-74.6119,3,0,0
40.3311,-74.6119,7,5,0.714285714
40.328,-74.6118,4,4,1
40.3282,-74.6118,1,1,1
40.3295,-74.6118,3,2,0.666666667
40.3302,-74.6118,4,2,0.5
40.328,-74.6117,3,2,0.666666667
40.3282,-74.6117,14,9,0.642857143
40.3283,-74.6117,2,0,0
40.3291,-74.6117,2,2,1
40.3293,-74.6117,6,2,0.333333333
40.3296,-74.6117,3,3,1
40.333,-74.6117,2,2,1
40.328,-74.6116,2,2,1
40.3281,-74.6116,1,1,1
40.3282,-74.6116,1,1,1
40.3283,-74.6116,7,7,1
40.3291,-74.6116,1,1,1
40.3293,-74.6116,1,0,0
40.3294,-74.6116,1,0,0
40.3303,-74.6116,4,2,0.5
40.3292,-74.6115,7,4,0.571428571
40.3294,-74.6115,4,1,0.25
40.3295,-74.6115,2,2,1
40.3315,-74.6115,3,2,0.666666667
40.3293,-74.6114,3,3,1
40.3314,-74.6114,4,2,0.5
40.3293,-74.6113,2,1,0.5
40.3303,-74.6113,3,2,0.666666667
40.3306,-74.6113,2,2,1
40.3315,-74.6113,5,5,1
40.3294,-74.6112,2,2,1
40.3333,-74.6111,2,2,1
40.3306,-74.611,1,1,1
40.3297,-74.6109,2,0,0
40.3299,-74.6109,2,2,1
40.3309,-74.6109,2,2,1
40.3316,-74.6109,2,0,0
40.3307,-74.6108,3,0,0
40.3298,-74.6107,2,0,0
40.3292,-74.6106,4,2,0.5
40.3299,-74.6106,2,2,1
40.3301,-74.6106,2,2,1
40.3312,-74.6106,1,1,1
40.3294,-74.6105,2,2,1
40.3301,-74.6105,1,0,0
40.3317,-74.6102,2,2,1
40.3319,-74.6102,2,2,1
40.3318,-74.6101,3,2,0.666666667
40.3328,-74.6101,3,3,1
40.3315,-74.61,2,2,1
40.3316,-74.61,2,1,0.5
40.3312,-74.6099,3,3,1
40.3314,-74.6099,1,0,0
40.3306,-74.6098,2,2,1
40.3309,-74.6098,2,2,1
40.3311,-74.6098,5,3,0.6
40.3319,-74.6098,1,0,0
40.3303,-74.6097,3,3,1
40.3304,-74.6097,5,5,1
40.3309,-74.6097,2,2,1
40.3319,-74.6097,2,1,0.5
40.3299,-74.6096,2,0,0
40.3301,-74.6096,3,0,0
40.3307,-74.6096,1,1,1
40.334,-74.6096,2,1,0.5
40.3298,-74.6095,2,2,1
40.3302,-74.6095,2,2,1
40.3304,-74.6095,2,1,0.5
40.3319,-74.6095,2,2,1
40.3299,-74.6094,2,2,1
40.3301,-74.6094,3,2,0.666666667
40.3298,-74.6093,5,4,0.8
40.3319,-74.6093,2,2,1
40.334,-74.6092,2,1,0.5
40.3298,-74.6091,2,1,0.5
40.332,-74.6091,4,4,1
40.3298,-74.609,1,1,1
40.3297,-74.6089,3,2,0.666666667
40.3318,-74.6089,2,2,1
40.334,-74.6089,2,2,1
40.3298,-74.6088,4,2,0.5
40.3315,-74.6088,5,4,0.8
40.3316,-74.6088,2,2,1
40.3317,-74.6088,6,3,0.5
40.3318,-74.6088,2,2,1
40.3329,-74.6088,1,1,1
40.3339,-74.6088,2,2,1
40.3316,-74.6087,7,6,0.857142857
40.3317,-74.6087,2,0,0
40.3318,-74.6087,5,2,0.4
40.332,-74.6087,2,2,1
40.3314,-74.6086,3,3,1
40.333,-74.6086,2,1,0.5
40.33,-74.6085,3,3,1
40.3318,-74.6085,2,0,0
40.332,-74.6085,2,2,1
40.3339,-74.6085,2,2,1
40.3341,-74.6085,2,1,0.5
40.3321,-74.6083,2,1,0.5
40.333,-74.6083,1,1,1
40.3339,-74.6081,1,1,1
40.3319,-74.608,2,2,1
40.3321,-74.608,1,0,0
40.333,-74.608,1,0,0
40.3318,-74.6078,3,1,0.333333333
40.332,-74.6078,1,1,1
40.3321,-74.6078,2,2,1
40.3341,-74.6078,2,2,1
40.3307,-74.6077,1,1,1
40.3312,-74.6077,2,2,1
40.332,-74.6077,2,2,1
40.333,-74.6077,1,1,1
40.3312,-74.6076,11,8,0.727272727
40.3314,-74.6076,13,13,1
40.334,-74.6076,4,3,0.75
40.3341,-74.6076,2,2,1
40.3243,-74.6075,6,4,0.666666667
40.3312,-74.6075,1,1,1
40.332,-74.6075,1,0,0
40.3342,-74.6075,2,0,0
40.3322,-74.6074,2,0,0
40.333,-74.6074,1,0,0
40.3244,-74.6073,2,2,1
40.3331,-74.6073,1,1,1
40.3228,-74.6072,4,1,0.25
40.3243,-74.6072,5,4,0.8
40.3322,-74.6072,2,2,1
40.3324,-74.6072,2,2,1
40.3331,-74.6071,4,3,0.75
40.3329,-74.607,1,1,1
40.3248,-74.6069,16,14,0.875
40.3331,-74.6068,2,2,1
40.3247,-74.6059,2,2,1
40.3246,-74.6058,1,0,0
40.333,-74.6057,5,4,0.8
40.325,-74.6055,3,2,0.666666667
40.3332,-74.6054,2,1,0.5
40.3298,-74.6051,6,2,0.333333333
40.325,-74.605,1,1,1
40.3299,-74.605,7,3,0.428571429
40.325,-74.6049,5,4,0.8
40.3251,-74.6049,4,4,1
40.3299,-74.6049,1,1,1
40.3333,-74.6049,1,0,0
40.3251,-74.6048,1,1,1
40.3249,-74.6047,2,2,1
40.3251,-74.6045,4,1,0.25
40.3251,-74.6043,2,1,0.5
40.3305,-74.6043,2,1,0.5
40.3306,-74.6042,10,8,0.8
40.3304,-74.6041,4,3,0.75
40.3307,-74.6041,8,5,0.625
40.3307,-74.604,2,2,1
40.3308,-74.604,5,4,0.8
40.3334,-74.604,2,0,0
40.3306,-74.6039,2,2,1
40.325,-74.6038,2,2,1
40.3332,-74.6036,2,2,1
40.3247,-74.6033,2,1,0.5
40.3334,-74.6033,1,1,1
40.3248,-74.6032,2,2,1
40.3288,-74.6032,2,0,0
40.3246,-74.6031,1,1,1
40.3288,-74.6031,9,5,0.555555556
40.3289,-74.6031,3,1,0.333333333
40.3289,-74.603,2,2,1
40.329,-74.603,4,3,0.75
40.3248,-74.6029,1,1,1
40.3291,-74.6029,6,5,0.833333333
40.3292,-74.6029,1,1,1
40.3294,-74.6029,2,2,1
40.3299,-74.6029,4,2,0.5
40.3293,-74.6028,3,2,0.666666667
40.3295,-74.6028,3,3,1
40.3299,-74.6028,2,2,1
40.33,-74.6028,6,5,0.833333333
40.3246,-74.6027,1,1,1
40.325,-74.6027,2,2,1
40.3252,-74.6027,5,5,1
40.326,-74.6027,7,5,0.714285714
40.3267,-74.6027,2,2,1
40.33,-74.6027,2,2,1
40.3245,-74.6026,1,1,1
40.3247,-74.6026,3,2,0.666666667
40.3254,-74.6026,2,2,1
40.3334,-74.6026,3,2,0.666666667
40.3247,-74.6024,3,1,0.333333333
40.3247,-74.6023,4,3,0.75
40.3324,-74.6023,2,1,0.5
40.33,-74.6022,1,1,1
40.3324,-74.6022,5,5,1
40.3325,-74.6022,3,2,0.666666667
40.3246,-74.6021,1,0,0
40.3289,-74.6021,2,2,1
40.3325,-74.6021,5,2,0.4
40.3327,-74.6021,2,2,1
40.3294,-74.602,2,0,0
40.3298,-74.602,1,0,0
40.33,-74.602,1,0,0
40.3316,-74.602,2,2,1
40.3326,-74.602,2,2,1
40.3327,-74.602,2,0,0
40.3305,-74.6019,1,1,1
40.3307,-74.6019,3,2,0.666666667
40.3309,-74.6019,1,1,1
40.3318,-74.6019,2,2,1
40.332,-74.6019,2,0,0
40.3322,-74.6019,2,2,1
40.3324,-74.6019,3,3,1
40.3325,-74.6019,2,1,0.5
40.3246,-74.6018,2,2,1
40.3312,-74.6018,3,3,1
40.3314,-74.6018,2,2,1
40.3322,-74.6018,4,4,1
40.3323,-74.6018,4,2,0.5
40.3324,-74.6018,2,0,0
40.3332,-74.6018,2,1,0.5
40.3324,-74.6017,1,1,1
40.3286,-74.6013,2,2,1
40.3255,-74.6012,3,2,0.666666667
40.3288,-74.6012,3,0,0
40.3286,-74.6011,1,1,1
40.3288,-74.6011,2,2,1
40.3287,-74.6009,3,3,1
40.3289,-74.6009,2,2,1
40.3305,-74.6009,7,5,0.714285714
40.3306,-74.6009,7,6,0.857142857
40.3309,-74.6009,2,2,1
40.3334,-74.6009,1,1,1
40.3311,-74.6008,2,2,1
40.3314,-74.6008,2,2,1
40.3303,-74.6007,3,1,0.333333333
40.3304,-74.6007,2,2,1
40.3305,-74.6007,2,2,1
40.3306,-74.6007,5,4,0.8
40.3309,-74.6007,2,2,1
40.3311,-74.6007,5,4,0.8
40.3323,-74.6007,3,2,0.666666667
40.3326,-74.6007,1,0,0
40.3288,-74.6006,2,0,0
40.3314,-74.6006,4,3,0.75
40.3316,-74.6006,1,0,0
40.3319,-74.6006,2,2,1
40.3332,-74.6006,3,2,0.666666667
40.3321,-74.6005,2,2,1
40.3329,-74.6005,1,1,1
40.3289,-74.6004,1,1,1
40.3331,-74.6004,2,2,1
40.3334,-74.6004,4,2,0.5
40.3336,-74.6004,2,2,1
40.3335,-74.6003,1,1,1
40.3306,-74.6,1,0,0
40.3335,-74.6,2,2,1
40.3323,-74.5998,2,2,1
40.3291,-74.5997,1,1,1
40.3304,-74.5997,2,2,1
40.3321,-74.5997,3,2,0.666666667
40.3322,-74.5997,3,0,0
40.3335,-74.5997,3,3,1
40.3337,-74.5997,2,2,1
40.3324,-74.5996,4,4,1
40.3321,-74.5995,4,3,0.75
40.3322,-74.5995,10,8,0.8
40.3294,-74.5994,2,2,1
40.3307,-74.5994,2,2,1
40.3336,-74.5994,2,0,0
40.3306,-74.5993,1,1,1
40.3325,-74.5993,3,1,0.333333333
40.3336,-74.5992,2,2,1
40.3294,-74.599,2,1,0.5
40.3308,-74.599,1,1,1
40.3326,-74.599,2,2,1
40.3295,-74.5989,2,2,1
40.3338,-74.5989,3,0,0
40.3292,-74.5987,1,1,1
40.3297,-74.5986,1,1,1
40.3308,-74.5986,1,0,0
40.3327,-74.5985,3,3,1
40.3296,-74.5984,2,2,1
40.3299,-74.5983,2,2,1
40.3298,-74.598,1,1,1
40.33,-74.598,2,2,1
40.3328,-74.5979,3,1,0.333333333
40.3339,-74.5979,2,2,1
40.3301,-74.5978,1,1,1
40.3349,-74.5978,2,2,1
40.3312,-74.5977,4,3,0.75
40.3314,-74.5977,2,2,1
40.3349,-74.5977,2,2,1
40.3328,-74.5976,3,2,0.666666667
40.334,-74.5976,3,2,0.666666667
40.3315,-74.5975,3,2,0.666666667
40.335,-74.5975,6,5,0.833333333
40.3291,-74.5974,1,1,1
40.3313,-74.5974,3,2,0.666666667
40.334,-74.5974,2,2,1
40.335,-74.5974,2,2,1
40.3301,-74.5973,2,2,1
40.3316,-74.5973,1,0,0
40.335,-74.5973,2,2,1
40.3314,-74.5972,5,2,0.4
40.3349,-74.5972,2,1,0.5
40.335,-74.5972,4,2,0.5
40.3292,-74.5971,4,3,0.75
40.3302,-74.597,1,1,1
40.3317,-74.597,1,1,1
40.3328,-74.597,2,2,1
40.3338,-74.597,2,0,0
40.3347,-74.597,3,2,0.666666667
40.3319,-74.5969,1,1,1
40.3339,-74.5969,2,2,1
40.3348,-74.5969,4,2,0.5
40.3303,-74.5968,2,2,1
40.3318,-74.5968,1,1,1
40.3321,-74.5968,4,2,0.5
40.3327,-74.5968,2,2,1
40.3292,-74.5967,1,1,1
40.3305,-74.5967,1,1,1
40.3324,-74.5967,3,0,0
40.3341,-74.5966,1,1,1
40.3293,-74.5964,3,3,1
40.3305,-74.5963,2,2,1
40.3307,-74.5962,2,2,1
40.3339,-74.5962,2,2,1
40.3306,-74.5961,1,1,1
40.3293,-74.596,2,2,1
40.3196,-74.5959,4,3,0.75
40.3197,-74.5959,3,2,0.666666667
40.3198,-74.5959,1,1,1
40.3341,-74.5959,1,0,0
40.3196,-74.5958,7,6,0.857142857
40.3201,-74.5958,2,1,0.5
40.3307,-74.5958,1,0,0
40.3196,-74.5957,2,2,1
40.3197,-74.5957,2,2,1
40.3293,-74.5957,3,3,1
40.3197,-74.5956,2,2,1
40.32,-74.5956,3,2,0.666666667
40.3293,-74.5956,2,1,0.5
40.3308,-74.5956,1,1,1
40.3195,-74.5955,2,2,1
40.3203,-74.5955,2,1,0.5
40.3293,-74.5955,3,0,0
40.334,-74.5955,1,1,1
40.3206,-74.5954,2,2,1
40.3293,-74.5954,5,4,0.8
40.3294,-74.5954,2,2,1
40.3312,-74.5954,2,2,1
40.3313,-74.5954,1,1,1
40.3316,-74.5954,1,1,1
40.3208,-74.5953,2,2,1
40.332,-74.5953,2,2,1
40.3324,-74.5953,1,0,0
40.3327,-74.5952,1,1,1
40.3331,-74.5952,2,1,0.5
40.3341,-74.5952,2,1,0.5
40.3211,-74.5951,3,1,0.333333333
40.3213,-74.5951,2,2,1
40.331,-74.5951,1,1,1
40.3341,-74.5951,2,1,0.5
40.3334,-74.595,1,1,1
40.3337,-74.5949,3,2,0.666666667
40.3341,-74.5949,1,1,1
40.3195,-74.5948,3,2,0.666666667
40.334,-74.5947,3,2,0.666666667
40.334,-74.5945,2,2,1
40.3341,-74.5944,1,1,1
40.3193,-74.5939,2,0,0
40.322,-74.5939,1,1,1
40.3317,-74.5939,2,2,1
40.334,-74.5939,2,2,1
40.319,-74.5938,2,2,1
40.3192,-74.5937,10,5,0.5
40.32,-74.5936,2,0,0
40.3202,-74.5936,1,1,1
40.3339,-74.5936,2,2,1
40.32,-74.5935,8,4,0.5
40.32,-74.5934,10,7,0.7
40.3201,-74.5934,11,9,0.818181818
40.3202,-74.5934,9,6,0.666666667
40.3207,-74.5934,2,2,1
40.321,-74.5932,7,6,0.857142857
40.321,-74.5931,5,5,1
40.3212,-74.5931,11,7,0.636363636
40.3211,-74.593,8,5,0.625
40.3323,-74.593,2,2,1
40.3216,-74.5929,2,0,0
40.3366,-74.5928,9,4,0.444444444
40.3325,-74.5925,2,2,1
40.3336,-74.5924,2,0,0
40.3335,-74.5921,2,1,0.5
40.3328,-74.592,1,1,1
40.3331,-74.5915,3,2,0.666666667
40.3348,-74.5915,2,2,1
40.3349,-74.5915,1,0,0
40.3331,-74.5914,4,2,0.5
40.3342,-74.5914,2,0,0
40.3348,-74.5914,2,1,0.5
40.3292,-74.5913,5,4,0.8
40.3293,-74.5913,1,1,1
40.3333,-74.5913,1,1,1
40.3342,-74.5913,1,0,0
40.3349,-74.5913,6,4,0.666666667
40.3292,-74.5912,14,7,0.5
40.3293,-74.5912,7,2,0.285714286
40.3342,-74.5912,4,4,1
40.3292,-74.5911,8,6,0.75
40.3293,-74.5911,6,5,0.833333333
40.3342,-74.5911,1,0,0
40.3291,-74.591,7,3,0.428571429
40.3292,-74.591,2,0,0
40.3293,-74.591,10,5,0.5
40.3291,-74.5909,14,5,0.357142857
40.3293,-74.5909,4,3,0.75
40.3291,-74.5908,6,5,0.833333333
40.3293,-74.5908,13,7,0.538461538
40.3335,-74.5908,2,2,1
40.3341,-74.5908,2,0,0
40.3291,-74.5907,8,5,0.625
40.3293,-74.5907,10,8,0.8
40.3341,-74.5907,2,2,1
40.3342,-74.5907,6,5,0.833333333
40.3291,-74.5906,9,5,0.555555556
40.3293,-74.5906,5,3,0.6
40.3329,-74.5906,3,2,0.666666667
40.3291,-74.5905,12,10,0.833333333
40.3293,-74.5905,12,5,0.416666667
40.3291,-74.5904,1,0,0
40.3338,-74.5903,2,0,0
40.3291,-74.5902,4,3,0.75
40.3293,-74.5902,9,4,0.444444444
40.3294,-74.5902,5,2,0.4
40.3338,-74.5902,2,2,1
40.3292,-74.5901,10,3,0.3
40.3294,-74.5901,12,8,0.666666667
40.3339,-74.5901,2,0,0
40.3292,-74.59,7,5,0.714285714
40.3293,-74.59,7,2,0.285714286
40.3294,-74.59,3,2,0.666666667
40.3339,-74.59,4,2,0.5
40.334,-74.59,1,1,1
40.3293,-74.5899,5,0,0
40.3295,-74.5899,3,0,0
40.3296,-74.5899,3,1,0.333333333
40.3297,-74.5899,3,2,0.666666667
40.3329,-74.5899,1,1,1
40.3294,-74.5898,2,1,0.5
40.3295,-74.5898,5,1,0.2
40.3298,-74.5898,2,2,1
40.3295,-74.5897,2,2,1
40.3296,-74.5897,2,1,0.5
40.33,-74.5897,3,1,0.333333333
40.3301,-74.5896,2,1,0.5
40.3302,-74.5896,4,1,0.25
40.3299,-74.5895,4,3,0.75
40.3301,-74.5895,3,1,0.333333333
40.3304,-74.5895,15,4,0.266666667
40.3305,-74.5895,5,3,0.6
40.3325,-74.5894,2,1,0.5
40.3475,-74.5894,1,1,1
40.352,-74.5894,5,5,1
40.3303,-74.5893,5,2,0.4
40.3304,-74.5893,8,3,0.375
40.3474,-74.5892,2,2,1
40.3501,-74.5892,3,3,1
40.3516,-74.5892,2,0,0
40.3539,-74.5892,2,2,1
40.3312,-74.5891,4,2,0.5
40.3385,-74.5891,11,8,0.727272727
40.35,-74.5891,3,1,0.333333333
40.3315,-74.589,4,2,0.5
40.3373,-74.589,3,2,0.666666667
40.3374,-74.589,2,2,1
40.35,-74.589,1,1,1
40.3312,-74.5889,2,1,0.5
40.3372,-74.5889,5,2,0.4
40.3374,-74.5889,3,1,0.333333333
40.3499,-74.5889,2,2,1
40.3314,-74.5888,4,2,0.5
40.3315,-74.5888,2,2,1
40.3318,-74.5888,7,2,0.285714286
40.3319,-74.5888,1,1,1
40.3372,-74.5888,4,4,1
40.3539,-74.5888,3,1,0.333333333
40.3316,-74.5887,2,1,0.5
40.3317,-74.5887,7,4,0.571428571
40.332,-74.5887,4,1,0.25
40.3373,-74.5887,2,2,1
40.3498,-74.5887,3,2,0.666666667
40.3541,-74.5887,2,2,1
40.3318,-74.5886,3,1,0.333333333
40.3319,-74.5886,1,0,0
40.3322,-74.5886,3,0,0
40.3323,-74.5886,1,1,1
40.3373,-74.5886,1,0,0
40.3498,-74.5886,2,2,1
40.3319,-74.5885,1,1,1
40.3321,-74.5885,3,2,0.666666667
40.3346,-74.5885,1,1,1
40.3514,-74.5885,3,2,0.666666667
40.3323,-74.5884,3,2,0.666666667
40.3511,-74.5884,4,3,0.75
40.3541,-74.5883,2,2,1
40.3507,-74.5882,2,2,1
40.3509,-74.5882,4,3,0.75
40.3506,-74.5881,2,1,0.5
40.352,-74.5881,2,2,1
40.3323,-74.588,2,2,1
40.3363,-74.588,2,2,1
40.3505,-74.588,2,1,0.5
40.3345,-74.5879,2,2,1
40.3362,-74.5879,2,2,1
40.3364,-74.5879,9,8,0.888888889
40.3503,-74.5879,2,2,1
40.3504,-74.5879,3,3,1
40.3538,-74.5879,2,2,1
40.3539,-74.5879,2,2,1
40.354,-74.5879,3,2,0.666666667
40.3541,-74.5879,2,0,0
40.3362,-74.5878,2,2,1
40.3363,-74.5878,1,1,1
40.3365,-74.5878,3,2,0.666666667
40.3501,-74.5878,2,2,1
40.3521,-74.5878,2,2,1
40.3363,-74.5877,4,4,1
40.3364,-74.5877,2,2,1
40.3366,-74.5877,3,2,0.666666667
40.35,-74.5877,2,1,0.5
40.3537,-74.5877,1,1,1
40.3538,-74.5877,7,6,0.857142857
40.3539,-74.5877,5,3,0.6
40.3541,-74.5877,3,2,0.666666667
40.3499,-74.5876,4,4,1
40.3522,-74.5876,4,2,0.5
40.349,-74.5875,4,4,1
40.3493,-74.5875,2,2,1
40.3495,-74.5875,3,0,0
40.3496,-74.5875,2,2,1
40.352,-74.5875,5,3,0.6
40.3521,-74.5875,3,2,0.666666667
40.3523,-74.5875,5,5,1
40.3151,-74.5874,4,4,1
40.3322,-74.5874,2,2,1
40.3488,-74.5874,2,2,1
40.3493,-74.5874,3,2,0.666666667
40.3518,-74.5874,2,2,1
40.3519,-74.5874,3,2,0.666666667
40.3522,-74.5874,5,3,0.6
40.3485,-74.5873,1,1,1
40.3516,-74.5873,6,5,0.833333333
40.3517,-74.5873,2,2,1
40.3521,-74.5873,2,2,1
40.3522,-74.5873,3,1,0.333333333
40.3523,-74.5873,2,2,1
40.3514,-74.5872,2,2,1
40.3515,-74.5872,2,2,1
40.3518,-74.5872,4,3,0.75
40.3519,-74.5872,4,4,1
40.3522,-74.5872,3,3,1
40.3524,-74.5872,3,1,0.333333333
40.3484,-74.5871,3,3,1
40.3517,-74.5871,2,1,0.5
40.3523,-74.5871,2,2,1
40.3524,-74.5871,2,2,1
40.3541,-74.5871,3,2,0.666666667
40.3481,-74.587,3,2,0.666666667
40.3484,-74.587,3,2,0.666666667
40.3524,-74.587,2,2,1
40.3523,-74.5869,4,2,0.5
40.3559,-74.5868,3,3,1
40.356,-74.5868,3,2,0.666666667
40.3187,-74.5867,2,0,0
40.3191,-74.5867,1,0,0
40.3486,-74.5867,4,4,1
40.3195,-74.5866,1,1,1
40.3485,-74.5866,1,1,1
40.3559,-74.5866,8,6,0.75
40.356,-74.5866,2,0,0
40.3317,-74.5865,3,3,1
40.3541,-74.5864,2,2,1
40.3486,-74.5863,2,2,1
40.3539,-74.5861,4,1,0.25
40.3488,-74.5859,2,2,1
40.3355,-74.5858,2,2,1
40.3356,-74.5858,4,2,0.5
40.3357,-74.5858,5,4,0.8
40.3358,-74.5858,2,2,1
40.3355,-74.5857,3,3,1
40.3356,-74.5857,5,2,0.4
40.3357,-74.5857,2,2,1
40.3358,-74.5857,2,1,0.5
40.3539,-74.5857,3,2,0.666666667
40.3491,-74.5856,3,2,0.666666667
40.3493,-74.5856,2,0,0
40.356,-74.5856,2,2,1
40.3492,-74.5855,3,2,0.666666667
40.3541,-74.5855,1,1,1
40.3558,-74.5855,4,2,0.5
40.3558,-74.5854,4,1,0.25
40.356,-74.5854,2,2,1
40.3558,-74.5853,5,4,0.8
40.356,-74.5853,2,2,1
40.3494,-74.5852,2,2,1
40.3558,-74.5852,1,0,0
40.356,-74.5852,4,0,0
40.3541,-74.5851,2,0,0
40.3558,-74.5851,1,1,1
40.356,-74.5851,7,4,0.571428571
40.3498,-74.585,3,3,1
40.3558,-74.585,5,4,0.8
40.356,-74.585,2,1,0.5
40.3191,-74.5849,5,4,0.8
40.3193,-74.5849,2,2,1
40.3194,-74.5849,2,0,0
40.3496,-74.5849,1,1,1
40.3558,-74.5849,4,3,0.75
40.356,-74.5849,4,3,0.75
40.3194,-74.5848,3,3,1
40.3195,-74.5848,4,2,0.5
40.3196,-74.5848,4,3,0.75
40.3559,-74.5848,3,1,0.333333333
40.356,-74.5848,2,1,0.5
40.3192,-74.5847,3,2,0.666666667
40.3193,-74.5847,4,2,0.5
40.3194,-74.5847,4,2,0.5
40.3195,-74.5847,2,2,1
40.3196,-74.5847,5,4,0.8
40.35,-74.5847,2,2,1
40.3559,-74.5847,2,2,1
40.356,-74.5847,7,3,0.428571429
40.356,-74.5846,2,2,1
40.3559,-74.5845,3,2,0.666666667
40.356,-74.5845,6,4,0.666666667
40.356,-74.5844,6,5,0.833333333
40.3501,-74.5843,1,1,1
40.3538,-74.5843,1,0,0
40.3539,-74.5843,2,1,0.5
40.3559,-74.5843,2,1,0.5
40.356,-74.5843,3,2,0.666666667
40.3504,-74.5841,3,2,0.666666667
40.3505,-74.5841,3,3,1
40.3559,-74.5841,4,3,0.75
40.356,-74.5841,2,2,1
40.3504,-74.584,3,2,0.666666667
40.3506,-74.584,3,2,0.666666667
40.3536,-74.584,2,2,1
40.3559,-74.584,6,4,0.666666667
40.3505,-74.5839,3,3,1
40.3506,-74.5839,3,2,0.666666667
40.3538,-74.5839,2,2,1
40.3559,-74.5839,5,5,1
40.356,-74.5839,1,1,1
40.3505,-74.5838,4,4,1
40.3507,-74.5838,2,1,0.5
40.3508,-74.5838,1,1,1
40.3559,-74.5838,2,2,1
40.356,-74.5838,2,2,1
40.3506,-74.5837,2,1,0.5
40.3508,-74.5837,4,4,1
40.3534,-74.5837,5,3,0.6
40.3559,-74.5837,3,3,1
40.356,-74.5837,4,4,1
40.3567,-74.5837,2,2,1
40.3569,-74.5837,1,1,1
40.3573,-74.5837,1,1,1
40.3576,-74.5837,2,2,1
40.3507,-74.5836,1,1,1
40.3509,-74.5836,2,2,1
40.3535,-74.5836,11,8,0.727272727
40.3559,-74.5836,3,3,1
40.3192,-74.5835,2,2,1
40.3193,-74.5835,3,3,1
40.3195,-74.5835,5,4,0.8
40.3196,-74.5835,1,1,1
40.3197,-74.5835,2,1,0.5
40.3198,-74.5835,3,3,1
40.3199,-74.5835,5,1,0.2
40.32,-74.5835,3,2,0.666666667
40.3201,-74.5835,4,0,0
40.3533,-74.5835,8,7,0.875
40.3534,-74.5835,2,2,1
40.355,-74.5835,4,2,0.5
40.3552,-74.5835,2,2,1
40.3555,-74.5835,2,2,1
40.3561,-74.5835,3,2,0.666666667
40.3563,-74.5835,3,1,0.333333333
40.3569,-74.5835,1,1,1
40.3193,-74.5834,2,2,1
40.3194,-74.5834,3,3,1
40.3195,-74.5834,4,3,0.75
40.3196,-74.5834,1,1,1
40.3197,-74.5834,6,4,0.666666667
40.3199,-74.5834,4,2,0.5
40.32,-74.5834,7,5,0.714285714
40.3201,-74.5834,4,4,1
40.3202,-74.5834,2,2,1
40.3534,-74.5834,2,2,1
40.353,-74.5831,1,1,1
40.3546,-74.5831,2,2,1
40.3288,-74.5829,5,2,0.4
40.3289,-74.5829,2,2,1
40.3542,-74.5829,3,1,0.333333333
40.3569,-74.5829,2,2,1
40.3288,-74.5828,2,2,1
40.3529,-74.5828,3,3,1
40.3527,-74.5827,1,1,1
40.3543,-74.5827,3,2,0.666666667
40.3285,-74.5825,1,1,1
40.3528,-74.5825,1,1,1
40.3541,-74.5825,3,2,0.666666667
40.3524,-74.5824,3,2,0.666666667
40.3569,-74.5824,2,2,1
40.3285,-74.5823,2,2,1
40.3342,-74.5823,133,73,0.54887218
40.354,-74.5823,2,2,1
40.3561,-74.5823,2,2,1
40.3562,-74.5823,2,1,0.5
40.3563,-74.5823,7,4,0.571428571
40.3564,-74.5823,3,2,0.666666667
40.3565,-74.5823,1,1,1
40.3566,-74.5823,3,3,1
40.3567,-74.5823,2,1,0.5
40.3562,-74.5822,2,2,1
40.3563,-74.5822,1,0,0
40.3564,-74.5822,1,0,0
40.3565,-74.5822,1,0,0
40.3566,-74.5822,1,0,0
40.3567,-74.5822,3,2,0.666666667
40.3569,-74.5822,1,0,0
40.3284,-74.5821,3,2,0.666666667
40.3299,-74.5821,3,2,0.666666667
40.3524,-74.5821,2,2,1
40.3351,-74.582,1,0,0
40.3352,-74.582,2,1,0.5
40.3353,-74.582,3,2,0.666666667
40.3354,-74.582,4,3,0.75
40.3522,-74.582,4,3,0.75
40.3535,-74.582,3,3,1
40.3284,-74.5819,2,2,1
40.3298,-74.5819,4,4,1
40.335,-74.5819,2,2,1
40.3523,-74.5819,2,2,1
40.3202,-74.5818,2,0,0
40.3203,-74.5818,4,2,0.5
40.3204,-74.5818,4,3,0.75
40.3205,-74.5818,7,5,0.714285714
40.3206,-74.5818,4,4,1
40.3207,-74.5818,5,2,0.4
40.3296,-74.5818,1,0,0
40.3297,-74.5818,6,5,0.833333333
40.3349,-74.5818,5,4,0.8
40.352,-74.5818,9,5,0.555555556
40.3522,-74.5818,3,3,1
40.3537,-74.5818,3,2,0.666666667
40.3569,-74.5818,2,1,0.5
40.3198,-74.5817,4,2,0.5
40.3199,-74.5817,2,0,0
40.32,-74.5817,3,0,0
40.3201,-74.5817,2,2,1
40.3202,-74.5817,1,0,0
40.3283,-74.5817,2,2,1
40.3296,-74.5817,1,1,1
40.3522,-74.5817,6,4,0.666666667
40.3535,-74.5817,4,4,1
40.32,-74.5816,6,4,0.666666667
40.3201,-74.5816,2,2,1
40.3202,-74.5816,4,2,0.5
40.3203,-74.5816,5,4,0.8
40.3204,-74.5816,4,4,1
40.3205,-74.5816,8,4,0.5
40.3206,-74.5816,5,3,0.6
40.3207,-74.5816,5,3,0.6
40.3283,-74.5816,3,3,1
40.3296,-74.5816,7,5,0.714285714
40.3297,-74.5816,3,2,0.666666667
40.3345,-74.5816,2,2,1
40.3518,-74.5816,2,0,0
40.3519,-74.5816,3,3,1
40.352,-74.5816,2,2,1
40.3521,-74.5816,3,2,0.666666667
40.3532,-74.5816,2,2,1
40.3282,-74.5815,1,1,1
40.3343,-74.5815,2,2,1
40.3344,-74.5815,2,2,1
40.3518,-74.5815,2,2,1
40.352,-74.5815,4,3,0.75
40.3533,-74.5815,3,2,0.666666667
40.3341,-74.5814,11,3,0.272727273
40.3343,-74.5814,2,2,1
40.3345,-74.5814,1,1,1
40.3346,-74.5814,4,3,0.75
40.3517,-74.5814,3,3,1
40.3519,-74.5814,5,3,0.6
40.352,-74.5814,4,2,0.5
40.3569,-74.5814,2,2,1
40.3296,-74.5813,3,3,1
40.3297,-74.5813,2,2,1
40.3343,-74.5813,1,1,1
40.3344,-74.5813,4,3,0.75
40.3516,-74.5813,3,2,0.666666667
40.3517,-74.5813,1,1,1
40.3519,-74.5813,2,2,1
40.353,-74.5813,2,0,0
40.3538,-74.5813,2,2,1
40.3567,-74.5813,5,3,0.6
40.3296,-74.5812,2,1,0.5
40.3338,-74.5812,3,2,0.666666667
40.3339,-74.5812,1,0,0
40.3342,-74.5812,7,5,0.714285714
40.3516,-74.5812,2,2,1
40.3517,-74.5812,1,1,1
40.3518,-74.5812,4,3,0.75
40.3532,-74.5812,3,2,0.666666667
40.3296,-74.5811,3,2,0.666666667
40.334,-74.5811,4,4,1
40.3514,-74.5811,10,3,0.3
40.3515,-74.5811,5,3,0.6
40.3516,-74.5811,6,2,0.333333333
40.3517,-74.5811,1,1,1
40.3567,-74.5811,2,1,0.5
40.3281,-74.581,2,2,1
40.3294,-74.581,8,5,0.625
40.3516,-74.581,2,2,1
40.3528,-74.581,2,2,1
40.3541,-74.581,4,1,0.25
40.3569,-74.581,4,3,0.75
40.3295,-74.5809,3,3,1
40.3347,-74.5809,1,1,1
40.3349,-74.5809,2,0,0
40.3528,-74.5809,2,2,1
40.3541,-74.5809,3,2,0.666666667
40.3542,-74.5809,2,2,1
40.3544,-74.5809,2,1,0.5
40.3293,-74.5808,4,4,1
40.3294,-74.5808,3,3,1
40.3527,-74.5808,3,2,0.666666667
40.3528,-74.5808,3,3,1
40.3529,-74.5808,4,2,0.5
40.3542,-74.5808,2,2,1
40.3544,-74.5808,1,1,1
40.3545,-74.5808,4,4,1
40.328,-74.5807,2,0,0
40.3527,-74.5807,4,3,0.75
40.3529,-74.5807,3,2,0.666666667
40.353,-74.5807,2,2,1
40.3543,-74.5807,5,4,0.8
40.3545,-74.5807,3,2,0.666666667
40.3347,-74.5806,2,2,1
40.3349,-74.5806,2,0,0
40.353,-74.5806,3,0,0
40.3532,-74.5806,1,0,0
40.3544,-74.5806,2,2,1
40.3546,-74.5806,5,4,0.8
40.3567,-74.5806,2,2,1
40.3568,-74.5806,2,2,1
40.3279,-74.5805,1,1,1
40.3294,-74.5805,2,2,1
40.3321,-74.5805,4,2,0.5
40.3323,-74.5805,3,0,0
40.3525,-74.5805,2,2,1
40.353,-74.5805,3,3,1
40.3531,-74.5805,2,2,1
40.3545,-74.5805,3,3,1
40.3293,-74.5804,5,5,1
40.3323,-74.5804,3,3,1
40.3531,-74.5804,3,2,0.666666667
40.3532,-74.5804,2,2,1
40.3567,-74.5804,4,4,1
40.3319,-74.5803,3,1,0.333333333
40.332,-74.5803,1,1,1
40.3321,-74.5803,4,2,0.5
40.3535,-74.5803,1,1,1
40.3569,-74.5803,1,0,0
40.3523,-74.5802,3,2,0.666666667
40.3291,-74.5801,2,2,1
40.3292,-74.5801,4,2,0.5
40.3318,-74.5801,2,1,0.5
40.332,-74.5801,5,2,0.4
40.3567,-74.5801,5,4,0.8
40.3568,-74.5801,2,2,1
40.357,-74.5801,2,1,0.5
40.3346,-74.58,3,3,1
40.3349,-74.58,2,2,1
40.3537,-74.58,2,2,1
40.3566,-74.58,3,3,1
40.3567,-74.58,4,4,1
40.3568,-74.58,5,2,0.4
40.3569,-74.58,2,2,1
40.3166,-74.5799,4,4,1
40.3291,-74.5799,9,6,0.666666667
40.3292,-74.5799,2,2,1
40.3341,-74.5799,2,2,1
40.3343,-74.5799,2,2,1
40.3344,-74.5799,1,1,1
40.3348,-74.5799,2,1,0.5
40.3564,-74.5799,3,2,0.666666667
40.3565,-74.5799,3,2,0.666666667
40.3567,-74.5799,2,0,0
40.3569,-74.5799,2,2,1
40.3175,-74.5798,2,2,1
40.3182,-74.5798,3,2,0.666666667
40.3346,-74.5798,2,2,1
40.3347,-74.5798,3,0,0
40.3348,-74.5798,2,0,0
40.3525,-74.5798,4,2,0.5
40.3564,-74.5798,6,4,0.666666667
40.3566,-74.5798,3,3,1
40.357,-74.5798,2,1,0.5
40.3341,-74.5797,4,1,0.25
40.3342,-74.5797,2,2,1
40.3344,-74.5797,3,3,1
40.354,-74.5797,3,2,0.666666667
40.357,-74.5797,3,2,0.666666667
40.3572,-74.5797,2,2,1
40.3295,-74.5796,7,7,1
40.3524,-74.5796,2,2,1
40.3527,-74.5796,1,1,1
40.357,-74.5796,2,2,1
40.3571,-74.5796,4,3,0.75
40.3586,-74.5796,2,1,0.5
40.3187,-74.5795,3,2,0.666666667
40.3295,-74.5794,5,3,0.6
40.3315,-74.5794,1,1,1
40.3348,-74.5794,1,0,0
40.335,-74.5794,3,2,0.666666667
40.3542,-74.5794,4,3,0.75
40.3572,-74.5794,5,3,0.6
40.3588,-74.5794,1,1,1
40.3187,-74.5793,3,3,1
40.3315,-74.5793,4,4,1
40.3316,-74.5793,2,2,1
40.3317,-74.5793,3,3,1
40.3526,-74.5793,1,0,0
40.3529,-74.5793,3,2,0.666666667
40.3316,-74.5792,1,1,1
40.3351,-74.5792,5,2,0.4
40.359,-74.5792,2,1,0.5
40.3289,-74.5791,7,5,0.714285714
40.329,-74.5791,2,2,1
40.3288,-74.579,2,2,1
40.3351,-74.579,3,3,1
40.3528,-74.579,2,2,1
40.3545,-74.579,4,3,0.75
40.3572,-74.579,3,3,1
40.3288,-74.5789,2,1,0.5
40.3289,-74.5789,6,5,0.833333333
40.329,-74.5789,2,2,1
40.3316,-74.5789,3,1,0.333333333
40.3594,-74.5789,2,2,1
40.3187,-74.5788,1,1,1
40.3274,-74.5788,4,4,1
40.3275,-74.5788,1,1,1
40.3351,-74.5788,4,2,0.5
40.3531,-74.5788,2,2,1
40.3533,-74.5788,3,2,0.666666667
40.3289,-74.5787,4,4,1
40.3547,-74.5787,2,2,1
40.3572,-74.5787,3,2,0.666666667
40.3596,-74.5787,3,3,1
40.3186,-74.5786,2,2,1
40.3351,-74.5786,3,3,1
40.3314,-74.5785,2,2,1
40.3315,-74.5785,3,3,1
40.3321,-74.5785,6,4,0.666666667
40.3533,-74.5785,1,0,0
40.3313,-74.5784,2,0,0
40.3314,-74.5784,1,1,1
40.3315,-74.5784,1,1,1
40.3315,-74.5783,1,1,1
40.3321,-74.5783,3,2,0.666666667
40.3348,-74.5783,1,1,1
40.3537,-74.5783,2,1,0.5
40.355,-74.5783,3,2,0.666666667
40.3572,-74.5783,3,2,0.666666667
40.3315,-74.5782,1,1,1
40.3349,-74.5782,2,1,0.5
40.3535,-74.5782,2,2,1
40.3347,-74.5781,18,14,0.777777778
40.3348,-74.578,2,1,0.5
40.3539,-74.578,2,2,1
40.3321,-74.5779,2,2,1
40.3346,-74.5779,2,2,1
40.3347,-74.5779,2,2,1
40.3348,-74.5779,2,2,1
40.3537,-74.5779,1,1,1
40.3572,-74.5779,2,2,1
40.3321,-74.5778,4,4,1
40.3541,-74.5778,3,2,0.666666667
40.354,-74.5777,3,1,0.333333333
40.3553,-74.5776,2,2,1
40.3572,-74.5776,1,0,0
40.3312,-74.5775,2,2,1
40.3543,-74.5775,2,2,1
40.3547,-74.5775,2,1,0.5
40.355,-74.5775,7,6,0.857142857
40.3552,-74.5775,2,0,0
40.3311,-74.5774,2,0,0
40.3313,-74.5774,2,2,1
40.3311,-74.5773,2,2,1
40.3561,-74.5773,5,3,0.6
40.3313,-74.5772,1,1,1
40.3559,-74.5772,4,3,0.75
40.3562,-74.5772,4,4,1
40.3572,-74.5772,2,2,1
40.356,-74.5771,1,1,1
40.3208,-74.577,1,1,1
40.3334,-74.577,12,9,0.75
40.3561,-74.577,3,3,1
40.3335,-74.5769,14,7,0.5
40.3562,-74.5769,1,1,1
40.3563,-74.5769,3,3,1
40.3324,-74.5768,2,1,0.5
40.3572,-74.5768,3,2,0.666666667
40.3208,-74.5767,3,3,1
40.3209,-74.5767,8,8,1
40.3329,-74.5767,2,2,1
40.3573,-74.5767,4,2,0.5
40.3209,-74.5766,3,3,1
40.3208,-74.5765,1,0,0
40.3315,-74.5761,1,1,1
40.3314,-74.576,3,0,0
40.3315,-74.576,2,2,1
40.3335,-74.576,1,0,0
40.3256,-74.5759,4,4,1
40.3311,-74.5759,5,3,0.6
40.3314,-74.5759,7,6,0.857142857
40.3335,-74.5759,8,6,0.75
40.3257,-74.5758,1,0,0
40.331,-74.5758,5,5,1
40.3312,-74.5758,3,3,1
40.3313,-74.5758,5,3,0.6
40.3314,-74.5758,2,2,1
40.3311,-74.5757,1,0,0
40.3312,-74.5757,14,10,0.714285714
40.3314,-74.5757,4,3,0.75
40.3311,-74.5756,3,2,0.666666667
40.3312,-74.5756,1,0,0
40.3314,-74.5756,1,0,0
40.3334,-74.5756,5,4,0.8
40.3259,-74.5755,1,1,1
40.3334,-74.5755,6,3,0.5
40.3258,-74.5754,5,2,0.4
40.3334,-74.5754,1,1,1
40.3334,-74.5753,4,3,0.75
40.3175,-74.5752,8,7,0.875
40.3334,-74.5752,14,12,0.857142857
40.3176,-74.5751,8,4,0.5
40.3258,-74.5751,5,3,0.6
40.3259,-74.5751,3,1,0.333333333
40.3319,-74.5751,6,4,0.666666667
40.3321,-74.5751,3,2,0.666666667
40.3334,-74.5751,2,2,1
40.3258,-74.575,7,7,1
40.3318,-74.575,5,4,0.8
40.3319,-74.575,3,0,0
40.332,-74.575,6,4,0.666666667
40.3334,-74.575,5,5,1
40.3257,-74.5749,2,0,0
40.3318,-74.5749,3,0,0
40.332,-74.5749,7,4,0.571428571
40.3334,-74.5749,6,4,0.666666667
40.3319,-74.5748,4,3,0.75
40.3319,-74.5747,5,0,0
40.332,-74.5747,6,2,0.333333333
40.3258,-74.5746,4,1,0.25
40.332,-74.5746,5,4,0.8
40.3325,-74.5745,10,9,0.9
40.3326,-74.5745,4,0,0
40.3327,-74.5745,2,2,1
40.3336,-74.5745,7,6,0.857142857
40.3199,-74.5744,8,5,0.625
40.3326,-74.5744,2,2,1
40.3334,-74.5744,4,4,1
40.3336,-74.5744,7,6,0.857142857
40.3367,-74.5744,2,2,1
40.3197,-74.5743,3,2,0.666666667
40.3324,-74.5743,2,0,0
40.3326,-74.5743,1,1,1
40.3336,-74.5743,7,6,0.857142857
40.3369,-74.5743,3,2,0.666666667
40.3371,-74.5743,2,2,1
40.3324,-74.5742,2,2,1
40.3326,-74.5742,5,5,1
40.3336,-74.5742,3,0,0
40.3324,-74.5741,3,2,0.666666667
40.3325,-74.5741,1,1,1
40.3326,-74.5741,4,0,0
40.3336,-74.5741,4,3,0.75
40.3372,-74.5741,4,2,0.5
40.3324,-74.574,2,2,1
40.3325,-74.574,2,1,0.5
40.3336,-74.574,5,5,1
40.3324,-74.5739,4,3,0.75
40.3373,-74.5739,3,2,0.666666667
40.3337,-74.5737,4,3,0.75
40.3427,-74.5737,6,3,0.5
40.326,-74.5736,2,1,0.5
40.3261,-74.5736,1,0,0
40.3337,-74.5736,5,4,0.8
40.3375,-74.5736,2,2,1
40.3425,-74.5736,6,3,0.5
40.3427,-74.5736,2,0,0
40.3261,-74.5735,8,6,0.75
40.3337,-74.5735,7,6,0.857142857
40.3425,-74.5735,3,3,1
40.3426,-74.5735,2,2,1
40.3427,-74.5735,2,2,1
40.3428,-74.5735,2,2,1
40.3262,-74.5734,9,3,0.333333333
40.3337,-74.5734,6,4,0.666666667
40.3424,-74.5734,2,1,0.5
40.3426,-74.5734,3,2,0.666666667
40.3262,-74.5733,3,1,0.333333333
40.3263,-74.5733,7,4,0.571428571
40.3337,-74.5733,4,3,0.75
40.3425,-74.5733,1,0,0
40.3263,-74.5732,4,2,0.5
40.3264,-74.5732,4,1,0.25
40.3338,-74.5732,7,3,0.428571429
40.3424,-74.5732,2,2,1
40.3264,-74.5731,7,2,0.285714286
40.3265,-74.5731,7,1,0.142857143
40.3338,-74.5731,4,2,0.5
40.3424,-74.5731,2,1,0.5
40.3433,-74.5731,3,1,0.333333333
40.3265,-74.573,2,1,0.5
40.3266,-74.573,12,6,0.5
40.3267,-74.573,11,8,0.727272727
40.3338,-74.573,3,2,0.666666667
40.3376,-74.573,3,2,0.666666667
40.3378,-74.573,2,2,1
40.3267,-74.5729,5,4,0.8
40.3268,-74.5729,7,1,0.142857143
40.3269,-74.5729,4,2,0.5
40.3338,-74.5729,7,6,0.857142857
40.3378,-74.5729,2,2,1
40.3274,-74.5728,1,1,1
40.3282,-74.5728,1,1,1
40.3338,-74.5728,2,2,1
40.3378,-74.5728,2,2,1
40.3274,-74.5727,7,3,0.428571429
40.3279,-74.5727,5,3,0.6
40.328,-74.5727,2,2,1
40.3279,-74.5726,1,1,1
40.328,-74.5726,6,3,0.5
40.3281,-74.5726,1,0,0
40.3282,-74.5726,1,0,0
40.3434,-74.5726,2,2,1
40.3436,-74.5726,4,4,1
40.3285,-74.5725,2,2,1
40.3289,-74.5724,1,1,1
40.3378,-74.5724,2,2,1
40.3378,-74.5723,3,0,0
40.3289,-74.5721,1,0,0
40.3434,-74.5721,2,0,0
40.3378,-74.572,2,2,1
40.3436,-74.572,3,2,0.666666667
40.3379,-74.5719,2,0,0
40.338,-74.5718,2,2,1
40.3291,-74.5717,1,0,0
40.338,-74.5717,2,2,1
40.3291,-74.5716,3,1,0.333333333
40.3293,-74.5716,5,4,0.8
40.3291,-74.5715,52,29,0.557692308
40.3293,-74.5715,1,0,0
40.3291,-74.5714,84,47,0.55952381
40.3436,-74.5714,1,0,0
40.3291,-74.5713,4,4,1
40.3292,-74.5713,52,34,0.653846154
40.3292,-74.5712,4,1,0.25
40.3292,-74.5711,1,0,0
40.3292,-74.571,1,0,0
40.3434,-74.571,2,2,1
40.3292,-74.5709,1,0,0
40.3292,-74.5708,3,2,0.666666667
40.3293,-74.5708,1,1,1
40.3435,-74.5708,2,2,1
40.3293,-74.5706,3,3,1
40.3293,-74.5705,2,0,0
40.3295,-74.5705,1,0,0
40.3434,-74.5705,2,0,0
40.3294,-74.5704,4,0,0
40.3294,-74.5703,3,3,1
40.3435,-74.5702,2,2,1
40.3433,-74.57,3,2,0.666666667
40.3299,-74.5698,1,0,0
40.3255,-74.5696,4,1,0.25
40.3301,-74.5696,3,3,1
40.3304,-74.5696,1,1,1
40.3435,-74.5696,1,1,1
40.3255,-74.5695,7,4,0.571428571
40.3302,-74.5695,2,1,0.5
40.3303,-74.5695,3,2,0.666666667
40.3395,-74.5695,1,1,1
40.3255,-74.5694,13,7,0.538461538
40.3418,-74.5694,4,2,0.5
40.3255,-74.5693,4,3,0.75
40.3305,-74.5693,6,2,0.333333333
40.3419,-74.5693,2,2,1
40.342,-74.5693,6,6,1
40.3255,-74.5692,7,4,0.571428571
40.3306,-74.5692,1,0,0
40.3255,-74.5691,4,4,1
40.3259,-74.5691,4,2,0.5
40.3306,-74.5691,1,0,0
40.3254,-74.569,1,0,0
40.3255,-74.569,5,2,0.4
40.3256,-74.569,2,0,0
40.326,-74.569,2,0,0
40.3261,-74.569,6,4,0.666666667
40.3262,-74.569,6,3,0.5
40.3263,-74.569,2,1,0.5
40.3307,-74.569,4,1,0.25
40.339,-74.569,2,2,1
40.3391,-74.569,3,3,1
40.3392,-74.569,3,2,0.666666667
40.3436,-74.569,2,2,1
40.3254,-74.5689,2,2,1
40.3255,-74.5689,3,1,0.333333333
40.3256,-74.5689,8,4,0.5
40.3257,-74.5689,4,4,1
40.3269,-74.5689,3,3,1
40.327,-74.5689,20,10,0.5
40.3434,-74.5689,3,0,0
40.3255,-74.5688,10,7,0.7
40.3256,-74.5688,3,2,0.666666667
40.3257,-74.5688,2,2,1
40.3257,-74.5687,2,1,0.5
40.3269,-74.5687,1,0,0
40.3308,-74.5687,2,2,1
40.3228,-74.5686,1,1,1
40.323,-74.5686,4,4,1
40.3255,-74.5686,1,1,1
40.3257,-74.5686,1,0,0
40.3269,-74.5686,2,2,1
40.3308,-74.5686,2,2,1
40.3227,-74.5685,2,2,1
40.3228,-74.5685,6,5,0.833333333
40.3229,-74.5685,2,2,1
40.323,-74.5685,3,3,1
40.3257,-74.5685,3,1,0.333333333
40.3269,-74.5685,3,1,0.333333333
40.3271,-74.5685,3,2,0.666666667
40.3434,-74.5685,3,3,1
40.3227,-74.5684,2,2,1
40.3257,-74.5684,2,2,1
40.3269,-74.5684,2,2,1
40.327,-74.5684,4,3,0.75
40.3309,-74.5684,6,3,0.5
40.3228,-74.5683,8,4,0.5
40.3257,-74.5683,3,2,0.666666667
40.327,-74.5683,6,4,0.666666667
40.331,-74.5683,1,0,0
40.3229,-74.5682,2,2,1
40.3257,-74.5682,2,2,1
40.327,-74.5682,5,2,0.4
40.3255,-74.5681,2,2,1
40.3257,-74.5681,2,0,0
40.3311,-74.5681,2,1,0.5
40.3313,-74.5681,8,3,0.375
40.3427,-74.5681,2,2,1
40.3429,-74.5681,1,1,1
40.3311,-74.568,1,0,0
40.3255,-74.5679,3,2,0.666666667
40.3257,-74.5679,3,2,0.666666667
40.3269,-74.5679,2,1,0.5
40.3312,-74.5679,6,0,0
40.327,-74.5678,2,2,1
40.3312,-74.5678,8,5,0.625
40.3255,-74.5677,4,3,0.75
40.3257,-74.5677,2,1,0.5
40.327,-74.5677,2,2,1
40.3313,-74.5677,2,1,0.5
40.3183,-74.5676,2,2,1
40.3189,-74.5676,3,3,1
40.3227,-74.5676,2,1,0.5
40.3256,-74.5676,2,1,0.5
40.3313,-74.5676,13,9,0.692307692
40.3193,-74.5675,3,2,0.666666667
40.3255,-74.5675,2,2,1
40.3256,-74.5675,2,0,0
40.3268,-74.5675,5,2,0.4
40.327,-74.5675,1,0,0
40.3314,-74.5675,2,1,0.5
40.3183,-74.5674,7,6,0.857142857
40.3188,-74.5674,2,2,1
40.3199,-74.5674,2,1,0.5
40.3205,-74.5674,2,2,1
40.3254,-74.5674,5,4,0.8
40.3268,-74.5674,3,0,0
40.327,-74.5674,1,1,1
40.3314,-74.5674,7,5,0.714285714
40.3194,-74.5673,2,2,1
40.3201,-74.5673,2,0,0
40.3211,-74.5673,2,2,1
40.3253,-74.5673,3,2,0.666666667
40.3254,-74.5673,5,5,1
40.3268,-74.5673,3,3,1
40.327,-74.5673,3,2,0.666666667
40.3314,-74.5673,8,5,0.625
40.3217,-74.5672,4,4,1
40.3223,-74.5672,2,0,0
40.327,-74.5672,2,1,0.5
40.3315,-74.5672,7,4,0.571428571
40.3317,-74.5672,1,0,0
40.3215,-74.5671,1,1,1
40.3222,-74.5671,1,0,0
40.3268,-74.5671,4,2,0.5
40.3315,-74.5671,1,0,0
40.3253,-74.567,6,3,0.5
40.327,-74.567,3,1,0.333333333
40.3316,-74.567,4,2,0.5
40.3253,-74.5669,2,1,0.5
40.3269,-74.5669,3,2,0.666666667
40.3317,-74.5669,2,1,0.5
40.3252,-74.5668,5,4,0.8
40.3269,-74.5668,1,0,0
40.3317,-74.5668,5,2,0.4
40.3427,-74.5668,2,2,1
40.3252,-74.5667,2,0,0
40.3269,-74.5667,1,1,1
40.3317,-74.5667,9,1,0.111111111
40.3252,-74.5666,1,0,0
40.3424,-74.5666,1,0,0
40.3425,-74.5666,2,1,0.5
40.3426,-74.5666,4,2,0.5
40.3427,-74.5666,1,1,1
40.3252,-74.5665,6,5,0.833333333
40.3268,-74.5665,2,2,1
40.3317,-74.5665,10,7,0.7
40.3348,-74.5665,9,8,0.888888889
40.3351,-74.5665,7,1,0.142857143
40.3352,-74.5665,3,2,0.666666667
40.3354,-74.5665,2,1,0.5
40.3252,-74.5664,1,0,0
40.3268,-74.5664,2,2,1
40.3316,-74.5664,3,1,0.333333333
40.3352,-74.5664,2,1,0.5
40.3355,-74.5664,1,0,0
40.3424,-74.5664,2,2,1
40.3425,-74.5664,2,2,1
40.3426,-74.5664,6,4,0.666666667
40.3252,-74.5663,3,1,0.333333333
40.3268,-74.5663,5,4,0.8
40.3316,-74.5663,11,6,0.545454545
40.3346,-74.5663,1,1,1
40.3349,-74.5663,1,0,0
40.3252,-74.5662,2,2,1
40.3267,-74.5662,4,3,0.75
40.3316,-74.5662,10,7,0.7
40.3347,-74.5662,1,0,0
40.3359,-74.5662,3,2,0.666666667
40.3252,-74.5661,2,0,0
40.3267,-74.5661,5,4,0.8
40.3344,-74.5661,1,1,1
40.3347,-74.5661,3,2,0.666666667
40.336,-74.5661,3,2,0.666666667
40.3251,-74.566,1,1,1
40.3264,-74.566,4,0,0
40.3266,-74.566,5,3,0.6
40.3346,-74.566,7,4,0.571428571
40.336,-74.566,1,0,0
40.3361,-74.566,3,2,0.666666667
40.3362,-74.566,1,0,0
40.3363,-74.566,4,0,0
40.3251,-74.5659,2,2,1
40.3263,-74.5659,2,0,0
40.3264,-74.5659,2,2,1
40.3265,-74.5659,1,1,1
40.3345,-74.5659,4,3,0.75
40.3359,-74.5659,13,6,0.461538462
40.336,-74.5659,3,1,0.333333333
40.3362,-74.5659,2,2,1
40.3363,-74.5659,10,8,0.8
40.3365,-74.5659,5,2,0.4
40.3263,-74.5658,2,0,0
40.3265,-74.5658,6,4,0.666666667
40.3343,-74.5658,6,3,0.5
40.3344,-74.5658,4,1,0.25
40.3362,-74.5658,8,5,0.625
40.3367,-74.5658,3,2,0.666666667
40.3368,-74.5658,6,3,0.5
40.3264,-74.5657,1,1,1
40.3265,-74.5657,4,4,1
40.3344,-74.5657,16,4,0.25
40.3251,-74.5656,4,2,0.5
40.3264,-74.5656,5,0,0
40.3344,-74.5656,4,2,0.5
40.3251,-74.5655,2,1,0.5
40.3263,-74.5655,4,3,0.75
40.3344,-74.5655,5,3,0.6
40.3252,-74.5654,3,2,0.666666667
40.3263,-74.5654,3,3,1
40.3344,-74.5654,2,1,0.5
40.3253,-74.5653,2,2,1
40.3254,-74.5653,4,2,0.5
40.3255,-74.5653,2,2,1
40.3256,-74.5653,2,2,1
40.326,-74.5653,5,4,0.8
40.3262,-74.5653,3,3,1
40.3344,-74.5653,3,2,0.666666667
40.3255,-74.5652,1,1,1
40.3256,-74.5652,3,3,1
40.3257,-74.5652,3,2,0.666666667
40.3259,-74.5652,2,2,1
40.326,-74.5652,3,3,1
40.3261,-74.5652,3,1,0.333333333
40.3262,-74.5652,3,2,0.666666667
40.3344,-74.5652,2,1,0.5
40.326,-74.5651,2,2,1
40.3262,-74.5651,3,2,0.666666667
40.3343,-74.565,2,2,1
40.3343,-74.5647,8,6,0.75
40.3259,-74.5644,3,3,1
40.3261,-74.5644,7,3,0.428571429
40.3344,-74.5644,4,0,0
40.3259,-74.5643,1,1,1
40.3261,-74.5643,6,5,0.833333333
40.3272,-74.5643,8,5,0.625
40.3273,-74.5643,6,5,0.833333333
40.3275,-74.5643,5,3,0.6
40.3276,-74.5643,13,10,0.769230769
40.3307,-74.5643,1,1,1
40.3259,-74.5642,1,0,0
40.3261,-74.5642,1,1,1
40.3278,-74.5642,1,1,1
40.3279,-74.5642,2,2,1
40.3281,-74.5642,3,3,1
40.3282,-74.5642,16,11,0.6875
40.3307,-74.5642,7,4,0.571428571
40.3344,-74.5642,4,0,0
40.3259,-74.5641,2,2,1
40.3261,-74.5641,1,1,1
40.328,-74.5641,5,1,0.2
40.3282,-74.5641,7,6,0.857142857
40.3283,-74.5641,28,20,0.714285714
40.3284,-74.5641,5,4,0.8
40.3344,-74.5641,5,3,0.6
40.3259,-74.564,3,2,0.666666667
40.3261,-74.564,2,2,1
40.328,-74.564,7,6,0.857142857
40.3282,-74.564,19,12,0.631578947
40.3285,-74.564,10,5,0.5
40.3286,-74.564,9,6,0.666666667
40.3287,-74.564,2,2,1
40.3288,-74.564,2,1,0.5
40.3305,-74.564,7,5,0.714285714
40.3345,-74.564,2,2,1
40.326,-74.5639,3,2,0.666666667
40.328,-74.5639,4,4,1
40.3281,-74.5639,20,14,0.7
40.3282,-74.5639,9,7,0.777777778
40.3289,-74.5639,23,18,0.782608696
40.329,-74.5639,8,5,0.625
40.3291,-74.5639,16,13,0.8125
40.3303,-74.5639,3,2,0.666666667
40.3304,-74.5639,13,12,0.923076923
40.3305,-74.5639,10,9,0.9
40.3344,-74.5639,17,11,0.647058824
40.3259,-74.5638,1,0,0
40.3279,-74.5638,10,5,0.5
40.328,-74.5638,2,2,1
40.3281,-74.5638,17,9,0.529411765
40.3292,-74.5638,11,10,0.909090909
40.3293,-74.5638,5,1,0.2
40.3294,-74.5638,13,8,0.615384615
40.3295,-74.5638,1,1,1
40.3296,-74.5638,5,4,0.8
40.3297,-74.5638,3,3,1
40.3298,-74.5638,5,2,0.4
40.3344,-74.5638,6,4,0.666666667
40.3346,-74.5638,1,0,0
40.3259,-74.5637,6,2,0.333333333
40.3261,-74.5637,6,5,0.833333333
40.3279,-74.5637,4,0,0
40.3281,-74.5637,16,6,0.375
40.3299,-74.5637,10,6,0.6
40.3345,-74.5637,1,1,1
40.3346,-74.5637,2,1,0.5
40.3281,-74.5636,33,17,0.515151515
40.3348,-74.5636,1,0,0
40.3262,-74.5635,2,2,1
40.328,-74.5635,3,2,0.666666667
40.3346,-74.5635,3,1,0.333333333
40.3347,-74.5635,4,2,0.5
40.335,-74.5635,3,3,1
40.3351,-74.5635,2,2,1
40.3353,-74.5635,10,6,0.6
40.3356,-74.5635,2,1,0.5
40.3261,-74.5634,2,0,0
40.3262,-74.5634,1,1,1
40.3263,-74.5634,2,1,0.5
40.328,-74.5634,7,5,0.714285714
40.3348,-74.5634,2,1,0.5
40.3361,-74.5634,5,4,0.8
40.3261,-74.5633,2,1,0.5
40.3263,-74.5633,5,1,0.2
40.3279,-74.5633,6,6,1
40.328,-74.5633,1,1,1
40.335,-74.5633,2,0,0
40.3351,-74.5633,7,3,0.428571429
40.3352,-74.5633,4,1,0.25
40.3363,-74.5633,3,1,0.333333333
40.3366,-74.5633,6,6,1
40.3278,-74.5632,4,3,0.75
40.3279,-74.5632,2,1,0.5
40.3358,-74.5632,1,0,0
40.3361,-74.5632,1,1,1
40.3262,-74.5631,1,0,0
40.3264,-74.5631,4,4,1
40.3278,-74.5631,3,1,0.333333333
40.3263,-74.563,2,0,0
40.3264,-74.563,2,1,0.5
40.3278,-74.563,2,1,0.5
40.328,-74.563,1,0,0
40.3263,-74.5629,3,3,1
40.3278,-74.5629,3,1,0.333333333
40.3263,-74.5628,3,3,1
40.3278,-74.5628,9,5,0.555555556
40.3265,-74.5627,2,2,1
40.3279,-74.5627,6,5,0.833333333
40.3264,-74.5626,1,1,1
40.3279,-74.5626,7,7,1
40.3265,-74.5625,1,0,0
40.3266,-74.5625,4,4,1
40.3279,-74.5625,6,5,0.833333333
40.328,-74.5625,5,5,1
40.3265,-74.5624,3,3,1
40.3278,-74.5624,9,6,0.666666667
40.328,-74.5624,9,6,0.666666667
40.3278,-74.5623,3,3,1
40.3279,-74.5623,1,1,1
40.328,-74.5623,7,4,0.571428571
40.3266,-74.5622,3,2,0.666666667
40.3278,-74.5622,5,1,0.2
40.3279,-74.5622,4,3,0.75
40.3266,-74.5621,3,2,0.666666667
40.3268,-74.5621,2,1,0.5
40.3278,-74.5621,4,1,0.25
40.3279,-74.5621,2,2,1
40.3277,-74.562,2,2,1
40.3278,-74.562,6,5,0.833333333
40.3279,-74.562,2,2,1
40.3268,-74.5619,4,1,0.25
40.3265,-74.5617,4,3,0.75
40.3267,-74.5617,1,0,0
40.328,-74.5617,2,1,0.5
40.3263,-74.5615,2,1,0.5
40.3278,-74.5615,8,8,1
40.328,-74.5615,3,3,1
40.3265,-74.5614,5,2,0.4
40.3278,-74.5614,1,0,0
40.3262,-74.5613,8,4,0.5
40.3261,-74.5612,3,3,1
40.326,-74.5611,6,4,0.666666667
40.3259,-74.561,3,3,1
40.3261,-74.5609,4,4,1
40.328,-74.5609,1,0,0
40.3258,-74.5608,4,3,0.75
40.3279,-74.5608,1,1,1
40.3257,-74.5607,2,2,1
40.3278,-74.5607,5,3,0.6
40.3279,-74.5607,1,1,1
40.3322,-74.5607,16,10,0.625
40.3324,-74.5607,6,4,0.666666667
40.3325,-74.5607,5,1,0.2
40.3327,-74.5607,2,2,1
40.3328,-74.5607,2,0,0
40.333,-74.5607,2,2,1
40.3331,-74.5607,6,3,0.5
40.3332,-74.5607,3,1,0.333333333
40.3333,-74.5607,1,1,1
40.3334,-74.5607,1,0,0
40.3335,-74.5607,8,6,0.75
40.3276,-74.5606,1,1,1
40.3277,-74.5606,1,0,0
40.3321,-74.5606,8,4,0.5
40.3322,-74.5606,4,1,0.25
40.3338,-74.5606,3,2,0.666666667
40.3339,-74.5606,2,0,0
40.3276,-74.5605,2,0,0
40.3318,-74.5605,132,92,0.696969697
40.332,-74.5605,4,3,0.75
40.3321,-74.5605,6,1,0.166666667
40.334,-74.5605,10,6,0.6
40.3258,-74.5604,2,2,1
40.3275,-74.5604,9,3,0.333333333
40.3318,-74.5604,110,54,0.490909091
40.332,-74.5604,10,5,0.5
40.3256,-74.5603,4,0,0
40.3258,-74.5603,3,3,1
40.332,-74.5603,4,2,0.5
40.3342,-74.5603,8,4,0.5
40.3343,-74.5603,1,1,1
40.3275,-74.5602,4,4,1
40.3319,-74.5602,2,2,1
40.3275,-74.5601,2,1,0.5
40.3319,-74.5601,1,1,1
40.3343,-74.5601,7,3,0.428571429
40.3318,-74.56,1,0,0
40.3343,-74.56,5,3,0.6
40.3275,-74.5599,1,1,1
40.3275,-74.5598,6,4,0.666666667
40.3318,-74.5598,2,2,1
40.3343,-74.5598,1,0,0
40.3275,-74.5597,2,1,0.5
40.3317,-74.5597,9,6,0.666666667
40.3343,-74.5597,8,6,0.75
40.3275,-74.5596,6,0,0
40.3317,-74.5596,3,1,0.333333333
40.3342,-74.5596,7,2,0.285714286
40.3275,-74.5595,2,2,1
40.3276,-74.5595,4,4,1
40.3276,-74.5594,2,1,0.5
40.3277,-74.5594,2,0,0
40.3282,-74.5594,4,4,1
40.3317,-74.5594,18,12,0.666666667
40.3316,-74.5593,10,8,0.8
40.3342,-74.5593,8,5,0.625
40.3316,-74.5592,13,9,0.692307692
40.3342,-74.5592,2,0,0
40.3315,-74.5591,5,5,1
40.3342,-74.5591,11,5,0.454545455
40.3315,-74.559,2,1,0.5
40.3315,-74.5589,5,4,0.8
40.3316,-74.5589,11,7,0.636363636
40.3316,-74.5588,11,8,0.727272727
40.3341,-74.5588,4,0,0
40.3316,-74.5587,17,11,0.647058824
40.3317,-74.5585,6,4,0.666666667
40.3341,-74.5585,11,5,0.454545455
40.3317,-74.5583,3,3,1
40.3341,-74.5583,9,6,0.666666667
40.3283,-74.5582,25,23,0.92
40.3285,-74.5582,337,223,0.661721068
40.3341,-74.5582,4,4,1
40.3341,-74.5581,2,2,1
40.3343,-74.5581,3,2,0.666666667
40.3316,-74.5578,2,2,1
40.3317,-74.5578,2,1,0.5
40.3315,-74.5577,5,4,0.8
40.3316,-74.5577,4,4,1
40.3317,-74.5577,3,2,0.666666667
40.3319,-74.5577,4,4,1
40.3314,-74.5576,2,2,1
40.3315,-74.5576,5,3,0.6
40.3317,-74.5576,6,5,0.833333333
40.3316,-74.5575,3,2,0.666666667
40.332,-74.5574,3,3,1
40.3351,-74.5574,4,3,0.75
40.3354,-74.5574,3,2,0.666666667
40.3236,-74.5573,4,3,0.75
40.3239,-74.5573,14,10,0.714285714
40.3242,-74.5573,14,12,0.857142857
40.3318,-74.5573,2,2,1
40.3349,-74.5573,6,4,0.666666667
40.3356,-74.5573,5,4,0.8
40.3238,-74.5572,4,4,1
40.324,-74.5572,7,4,0.571428571
40.3242,-74.5572,2,1,0.5
40.3244,-74.5572,8,5,0.625
40.3359,-74.5572,3,2,0.666666667
40.3321,-74.5571,2,1,0.5
40.3235,-74.557,7,6,0.857142857
40.3236,-74.557,11,7,0.636363636
40.3243,-74.557,4,4,1
40.3245,-74.557,6,3,0.5
40.3348,-74.557,1,1,1
40.3361,-74.557,3,2,0.666666667
40.3336,-74.5569,2,0,0
40.3235,-74.5568,1,1,1
40.3236,-74.5568,8,7,0.875
40.3322,-74.5568,2,2,1
40.3336,-74.5568,3,1,0.333333333
40.3363,-74.5568,6,4,0.666666667
40.3235,-74.5567,7,5,0.714285714
40.3243,-74.5567,11,8,0.727272727
40.3245,-74.5567,8,3,0.375
40.3273,-74.5567,2,1,0.5
40.3275,-74.5567,4,1,0.25
40.3276,-74.5567,3,2,0.666666667
40.3277,-74.5567,1,1,1
40.3278,-74.5567,4,2,0.5
40.3279,-74.5567,5,4,0.8
40.3281,-74.5567,12,9,0.75
40.3282,-74.5567,1,1,1
40.3283,-74.5567,1,1,1
40.3335,-74.5567,9,5,0.555555556
40.3337,-74.5567,2,0,0
40.3274,-74.5566,10,4,0.4
40.3283,-74.5566,7,4,0.571428571
40.3284,-74.5566,5,0,0
40.332,-74.5566,1,0,0
40.3333,-74.5566,9,8,0.888888889
40.3335,-74.5566,1,1,1
40.3336,-74.5566,4,3,0.75
40.3234,-74.5565,11,9,0.818181818
40.3244,-74.5565,5,2,0.4
40.3272,-74.5565,4,2,0.5
40.3273,-74.5565,5,4,0.8
40.3274,-74.5565,6,4,0.666666667
40.3284,-74.5565,10,7,0.7
40.3242,-74.5564,8,7,0.875
40.3271,-74.5564,4,3,0.75
40.3272,-74.5564,4,2,0.5
40.3284,-74.5564,3,3,1
40.3322,-74.5564,1,0,0
40.3334,-74.5564,3,2,0.666666667
40.3234,-74.5563,8,7,0.875
40.3243,-74.5563,1,1,1
40.3244,-74.5563,2,1,0.5
40.3271,-74.5563,2,0,0
40.3321,-74.5563,3,2,0.666666667
40.3332,-74.5563,2,0,0
40.3348,-74.5563,1,1,1
40.3349,-74.5563,5,0,0
40.3362,-74.5563,5,4,0.8
40.3241,-74.5562,8,5,0.625
40.327,-74.5562,3,3,1
40.3284,-74.5562,3,3,1
40.3351,-74.5562,4,3,0.75
40.3354,-74.5562,3,3,1
40.3357,-74.5562,3,3,1
40.3234,-74.5561,11,10,0.909090909
40.3236,-74.5561,5,3,0.6
40.3243,-74.5561,8,6,0.75
40.3269,-74.5561,11,5,0.454545455
40.327,-74.5561,2,0,0
40.3334,-74.5561,2,1,0.5
40.3238,-74.556,7,3,0.428571429
40.324,-74.556,8,3,0.375
40.3269,-74.556,11,6,0.545454545
40.3332,-74.556,4,3,0.75
40.3236,-74.5559,12,11,0.916666667
40.3239,-74.5559,1,1,1
40.324,-74.5559,4,4,1
40.3242,-74.5559,4,3,0.75
40.3267,-74.5559,2,1,0.5
40.3269,-74.5559,2,1,0.5
40.3238,-74.5558,3,2,0.666666667
40.3239,-74.5558,3,2,0.666666667
40.324,-74.5558,5,2,0.4
40.3268,-74.5558,1,0,0
40.3269,-74.5558,1,1,1
40.3283,-74.5558,4,3,0.75
40.3322,-74.5558,3,3,1
40.3334,-74.5558,4,4,1
40.3238,-74.5557,2,2,1
40.3239,-74.5557,3,3,1
40.3283,-74.5557,2,0,0
40.324,-74.5556,7,3,0.428571429
40.3268,-74.5556,1,1,1
40.3282,-74.5556,3,2,0.666666667
40.3333,-74.5556,1,1,1
40.3242,-74.5555,11,7,0.636363636
40.3245,-74.5555,7,7,1
40.3247,-74.5555,7,4,0.571428571
40.3267,-74.5555,6,1,0.166666667
40.3268,-74.5555,1,0,0
40.3282,-74.5555,1,1,1
40.332,-74.5555,1,1,1
40.3322,-74.5555,2,2,1
40.3244,-74.5554,8,4,0.5
40.3247,-74.5554,14,11,0.785714286
40.3267,-74.5554,2,2,1
40.3282,-74.5554,1,1,1
40.3334,-74.5554,3,2,0.666666667
40.3246,-74.5553,4,3,0.75
40.3249,-74.5553,12,7,0.583333333
40.3267,-74.5553,1,1,1
40.3336,-74.5553,2,0,0
40.3247,-74.5552,4,2,0.5
40.3251,-74.5552,2,2,1
40.3266,-74.5552,2,2,1
40.3282,-74.5552,4,3,0.75
40.3321,-74.5552,2,2,1
40.3249,-74.5551,10,7,0.7
40.3251,-74.5551,5,3,0.6
40.3252,-74.5551,2,1,0.5
40.3282,-74.5551,2,2,1
40.3335,-74.5551,4,3,0.75
40.325,-74.555,3,3,1
40.3253,-74.555,3,3,1
40.3265,-74.555,1,1,1
40.3282,-74.555,3,2,0.666666667
40.3254,-74.5549,3,2,0.666666667
40.3282,-74.5549,1,1,1
40.332,-74.5549,2,2,1
40.3255,-74.5548,6,3,0.5
40.3264,-74.5548,1,0,0
40.3265,-74.5548,2,2,1
40.3283,-74.5548,10,6,0.6
40.3256,-74.5547,8,8,1
40.3264,-74.5547,1,0,0
40.3261,-74.5546,8,6,0.75
40.3263,-74.5546,2,0,0
40.3264,-74.5546,1,1,1
40.3319,-74.5546,2,2,1
40.3341,-74.5546,3,3,1
40.3257,-74.5545,2,1,0.5
40.3261,-74.5545,6,4,0.666666667
40.3263,-74.5545,7,5,0.714285714
40.3283,-74.5545,8,6,0.75
40.3339,-74.5545,2,2,1
40.3257,-74.5544,1,0,0
40.3261,-74.5544,8,1,0.125
40.3262,-74.5544,3,3,1
40.3263,-74.5544,17,8,0.470588235
40.3283,-74.5544,3,3,1
40.3317,-74.5544,1,0,0
40.326,-74.5543,10,6,0.6
40.3262,-74.5543,28,19,0.678571429
40.3319,-74.5543,3,2,0.666666667
40.334,-74.5543,2,1,0.5
40.3259,-74.5542,4,1,0.25
40.326,-74.5542,12,6,0.5
40.3262,-74.5542,18,11,0.611111111
40.3259,-74.5541,3,2,0.666666667
40.326,-74.5541,9,2,0.222222222
40.3261,-74.5541,14,11,0.785714286
40.3262,-74.5541,1,1,1
40.3283,-74.5541,5,1,0.2
40.3261,-74.554,15,11,0.733333333
40.3318,-74.554,2,2,1
40.3342,-74.554,2,0,0
40.3344,-74.554,3,1,0.333333333
40.3345,-74.554,9,7,0.777777778
40.3346,-74.554,10,8,0.8
40.3261,-74.5539,3,2,0.666666667
40.3283,-74.5539,3,2,0.666666667
40.3344,-74.5539,3,3,1
40.3345,-74.5539,2,1,0.5
40.326,-74.5538,3,3,1
40.3283,-74.5538,2,0,0
40.3345,-74.5538,8,4,0.5
40.326,-74.5537,5,3,0.6
40.3283,-74.5537,4,2,0.5
40.3315,-74.5537,5,4,0.8
40.3316,-74.5537,6,5,0.833333333
40.3318,-74.5537,3,2,0.666666667
40.3259,-74.5536,4,3,0.75
40.3314,-74.5536,9,7,0.777777778
40.3315,-74.5536,6,5,0.833333333
40.3316,-74.5536,2,2,1
40.3317,-74.5536,2,0,0
40.3259,-74.5535,1,1,1
40.3283,-74.5535,2,0,0
40.3317,-74.5535,3,2,0.666666667
40.3259,-74.5534,3,2,0.666666667
40.3283,-74.5534,2,2,1
40.3283,-74.5533,6,4,0.666666667
40.3345,-74.5533,3,2,0.666666667
40.3257,-74.5532,2,2,1
40.3283,-74.5532,1,1,1
40.3315,-74.5532,1,0,0
40.3317,-74.5532,2,1,0.5
40.3347,-74.5532,5,4,0.8
40.3256,-74.5531,4,2,0.5
40.3283,-74.5531,3,0,0
40.3345,-74.5531,6,5,0.833333333
40.3346,-74.5531,11,7,0.636363636
40.3348,-74.5531,2,0,0
40.3256,-74.553,2,1,0.5
40.3345,-74.553,3,2,0.666666667
40.3346,-74.553,7,7,1
40.3282,-74.5529,2,0,0
40.3344,-74.5529,4,0,0
40.3345,-74.5529,2,0,0
40.3281,-74.5528,1,1,1
40.3314,-74.5528,1,1,1
40.3316,-74.5528,2,2,1
40.3281,-74.5527,4,2,0.5
40.3348,-74.5527,3,2,0.666666667
40.3349,-74.5527,5,3,0.6
40.335,-74.5527,5,5,1
40.3351,-74.5527,5,4,0.8
40.3307,-74.5526,2,2,1
40.328,-74.5525,1,0,0
40.3305,-74.5525,2,2,1
40.331,-74.5525,2,2,1
40.3311,-74.5525,3,2,0.666666667
40.3314,-74.5525,3,1,0.333333333
40.3316,-74.5525,2,2,1
40.3349,-74.5525,2,2,1
40.335,-74.5525,6,6,1
40.3351,-74.5525,2,2,1
40.328,-74.5524,9,3,0.333333333
40.3279,-74.5523,1,0,0
40.3306,-74.5523,3,2,0.666666667
40.3315,-74.5523,3,3,1
40.3304,-74.5522,2,2,1
40.3349,-74.5522,1,1,1
40.3278,-74.5521,1,1,1
40.3351,-74.5521,2,1,0.5
40.3264,-74.552,1,0,0
40.3278,-74.552,1,0,0
40.3315,-74.552,3,2,0.666666667
40.3265,-74.5519,3,1,0.333333333
40.3303,-74.5519,2,2,1
40.3314,-74.5519,4,2,0.5
40.3277,-74.5518,2,0,0
40.335,-74.5518,3,2,0.666666667
40.3352,-74.5518,3,0,0
40.3277,-74.5517,1,1,1
40.3267,-74.5516,2,2,1
40.3268,-74.5516,2,1,0.5
40.3302,-74.5516,3,3,1
40.3304,-74.5516,1,1,1
40.3316,-74.5516,2,0,0
40.3268,-74.5515,1,1,1
40.3276,-74.5515,1,1,1
40.3352,-74.5515,2,2,1
40.3351,-74.5514,2,2,1
40.3301,-74.5513,4,4,1
40.3302,-74.5513,1,1,1
40.3303,-74.5513,2,0,0
40.3301,-74.5512,3,2,0.666666667
40.3302,-74.5512,5,3,0.6
40.3303,-74.5512,6,5,0.833333333
40.3304,-74.5512,2,0,0
40.3305,-74.5512,4,3,0.75
40.3316,-74.5512,2,2,1
40.3302,-74.5511,3,2,0.666666667
40.3303,-74.5511,6,4,0.666666667
40.3304,-74.5511,2,2,1
40.3305,-74.5511,4,4,1
40.336,-74.5511,3,2,0.666666667
40.3361,-74.5511,2,2,1
40.3351,-74.551,3,3,1
40.3357,-74.551,2,2,1
40.33,-74.5509,3,2,0.666666667
40.3318,-74.5509,2,2,1
40.3358,-74.5509,4,2,0.5
40.3359,-74.5509,2,1,0.5
40.3352,-74.5508,4,3,0.75
40.3358,-74.5508,4,3,0.75
40.3359,-74.5508,8,7,0.875
40.3299,-74.5507,1,1,1
40.3301,-74.5507,2,2,1
40.3321,-74.5507,2,2,1
40.3349,-74.5507,2,0,0
40.3354,-74.5507,3,2,0.666666667
40.3358,-74.5507,3,3,1
40.3359,-74.5507,5,2,0.4
40.332,-74.5506,2,0,0
40.3322,-74.5506,1,0,0
40.3342,-74.5506,3,2,0.666666667
40.3343,-74.5506,6,6,1
40.3352,-74.5506,2,1,0.5
40.3353,-74.5506,2,2,1
40.3358,-74.5506,4,3,0.75
40.3359,-74.5506,2,2,1
40.336,-74.5506,1,0,0
40.33,-74.5505,1,1,1
40.3342,-74.5505,5,3,0.6
40.3343,-74.5505,8,6,0.75
40.3344,-74.5505,3,2,0.666666667
40.3349,-74.5505,2,2,1
40.336,-74.5505,1,1,1
40.3298,-74.5504,2,2,1
40.3325,-74.5504,2,1,0.5
40.3342,-74.5504,7,4,0.571428571
40.3344,-74.5504,4,2,0.5
40.3347,-74.5504,3,3,1
40.33,-74.5503,2,2,1
40.3328,-74.5503,2,2,1
40.3337,-74.5503,3,2,0.666666667
40.3339,-74.5503,3,2,0.666666667
40.3345,-74.5503,5,3,0.6
40.3297,-74.5502,2,2,1
40.333,-74.5502,3,2,0.666666667
40.3332,-74.5502,2,2,1
40.3299,-74.5501,2,1,0.5
40.3327,-74.5501,2,2,1
40.333,-74.5501,2,2,1
40.3336,-74.5501,1,1,1
40.3339,-74.5501,4,2,0.5
40.3331,-74.55,6,6,1
40.3332,-74.55,2,2,1
40.3296,-74.5499,4,4,1
40.3298,-74.5499,3,3,1
40.3317,-74.5499,2,2,1
40.3319,-74.5499,1,1,1
40.3331,-74.5499,6,5,0.833333333
40.3332,-74.5499,8,8,1
40.3331,-74.5498,5,2,0.4
40.3295,-74.5497,2,2,1
40.3297,-74.5497,2,2,1
40.3317,-74.5497,1,1,1
40.3331,-74.5497,1,1,1
40.3293,-74.5495,4,2,0.5
40.3295,-74.5495,4,4,1
40.3319,-74.5495,2,1,0.5
40.3317,-74.5494,2,1,0.5
40.3293,-74.5493,3,2,0.666666667
40.3317,-74.5492,2,2,1
40.3291,-74.5491,3,2,0.666666667
40.3318,-74.5491,2,1,0.5
40.3317,-74.549,3,1,0.333333333
40.3319,-74.5489,7,7,1
40.3319,-74.5487,4,3,0.75
40.3319,-74.5486,3,2,0.666666667
40.3288,-74.5485,2,2,1
40.3288,-74.5484,3,2,0.666666667
40.332,-74.5484,2,2,1
40.329,-74.5482,1,1,1
40.329,-74.5481,3,2,0.666666667
40.332,-74.5481,2,2,1
40.3291,-74.548,4,4,1
40.3293,-74.5479,2,2,1
40.3319,-74.5479,2,0,0
40.3293,-74.5478,15,12,0.8
40.3317,-74.5478,5,4,0.8
40.3294,-74.5477,4,1,0.25
40.3313,-74.5476,2,2,1
40.3315,-74.5476,2,1,0.5
40.331,-74.5475,2,0,0
40.3313,-74.5475,2,2,1
40.3295,-74.5474,2,1,0.5
40.3307,-74.5474,2,2,1
40.3297,-74.5472,2,2,1
40.3305,-74.5472,3,3,1
40.3303,-74.5471,4,4,1
40.3306,-74.5471,3,2,0.666666667
40.3298,-74.547,2,2,1
40.3299,-74.5469,3,3,1
40.3304,-74.5469,3,2,0.666666667
40.3301,-74.5468,3,2,0.666666667
