salary,teamsal,nl,years,games,atbats,runs,hits,doubles,triples,hruns,rbis,bavg,bb,so,sbases,fldperc,frstbase,scndbase,shrtstop,thrdbase,outfield,catcher,yrsallst,hispan,black,whitepop,blackpop,hisppop,pcinc,gamesyr,hrunsyr,atbatsyr,allstar,slugavg,rbisyr,sbasesyr,runsyr,percwhte,percblck,perchisp,blckpb,hispph,whtepw,blckph,hisppb,lsalary
6329213,38407380,1,12,1705,6705,1076,1939,320,67,231,836,289,619,948,314,989,0,1,0,0,0,0,9,0,0,5772110,1547725,893422,18840,142.0833282,19.25,558.75,75,46.02535248,69.66666412,26.16666603,89.66666412,70.27796936,18.84422874,10.8778038,0,0,70.27796936,0,0,15.66068649
3375000,38407380,1,8,918,3333,407,863,156,38,73,342,259,137,582,133,968,0,0,1,0,0,0,2,0,1,5772110,1547725,893422,18840,114.75,9.125,416.625,25,39.42394257,42.75,16.625,50.875,70.27796936,18.84422874,10.8778038,18.84422874,0,0,10.8778038,0,15.03190613
3100000,38407380,1,5,751,2807,370,840,148,18,46,355,299,341,228,41,994,1,0,0,0,0,0,0,0,0,5772110,1547725,893422,18840,150.1999969,9.199999809,561.4000244,0,41.39650726,71,8.199999809,74,70.27796936,18.84422874,10.8778038,0,0,70.27796936,0,0,14.94691277
2900000,38407380,1,8,1056,3337,405,816,143,18,107,421,245,306,653,15,971,0,0,0,1,0,0,0,0,0,5772110,1547725,893422,18840,132,13.375,417.125,0,39.4366188,52.625,1.875,50.625,70.27796936,18.84422874,10.8778038,0,0,70.27796936,0,0,14.88022137
1650000,38407380,1,12,1196,3603,437,928,19,16,124,541,258,316,725,32,977,0,0,0,0,1,0,0,0,1,5772110,1547725,893422,18840,99.66666412,10.33333302,300.25,0,37.49653244,45.08333206,2.666666746,36.41666794,70.27796936,18.84422874,10.8778038,18.84422874,0,0,10.8778038,0,14.31628609
7.00E+05,38407380,1,17,2032,7489,1136,2145,270,142,40,574,286,416,1098,660,987,0,0,0,0,1,0,2,0,1,5772110,1547725,893422,18840,119.5294113,2.352941275,440.5294189,11.76470566,37.64187622,33.76470566,38.82352829,66.8235321,70.27796936,18.84422874,10.8778038,18.84422874,0,0,10.8778038,0,13.4588356
695000,38407380,1,4,394,1293,179,303,51,13,37,141,234,77,358,67,965,0,0,0,0,1,0,0,1,0,5772110,1547725,893422,18840,98.5,9.25,323.25,0,37.97370529,35.25,16.75,44.75,70.27796936,18.84422874,10.8778038,0,10.8778038,0,0,18.84422874,13.45166683
275000,38407380,1,10,432,1005,78,240,35,5,13,95,239,39,140,1,990,0,0,0,0,0,1,0,0,0,5772110,1547725,893422,18840,43.20000076,1.299999952,100.5,0,32.23880768,9.5,0.100000001,7.800000191,70.27796936,18.84422874,10.8778038,0,0,70.27796936,0,0,12.5245266
235000,38407380,1,4,223,491,37,118,16,5,1,29,240,23,62,6,963,0,0,1,0,0,0,0,1,0,5772110,1547725,893422,18840,55.75,0.25,122.75,0,29.93889999,7.25,1.5,9.25,70.27796936,18.84422874,10.8778038,0,10.8778038,0,0,18.84422874,12.36734104
212500,38407380,1,3,156,434,45,116,16,0,10,59,267,18,48,6,971,0,0,0,0,1,0,0,0,1,5772110,1547725,893422,18840,52,3.333333254,144.6666718,0,37.3271904,19.66666603,2,15,70.27796936,18.84422874,10.8778038,18.84422874,0,0,10.8778038,0,12.26669693
212500,38407380,1,2,169,447,41,111,18,1,14,44,248,47,109,3,993,0,0,0,0,0,1,0,0,0,5772110,1547725,893422,18840,84.5,7,223.5,0,38.70246124,22,1.5,20.5,70.27796936,18.84422874,10.8778038,0,0,70.27796936,0,0,12.26669693
180000,38407380,1,2,87,278,25,70,14,3,1,21,252,14,20,2,977,0,0,1,0,0,0,0,1,0,5772110,1547725,893422,18840,43.5,0.5,139,0,33.45323563,10.5,1,12.5,70.27796936,18.84422874,10.8778038,0,10.8778038,0,0,18.84422874,12.10071182
3400000,18297546,1,7,789,2872,312,758,124,15,85,375,264,139,516,62,980,0,0,0,0,0,1,4,1,0,2438598,591440,1061846,15682,112.7142868,12.14285755,410.2857056,57.1428566,40.63370514,53.57143021,8.857142448,44.57143021,59.59597015,14.45397758,25.95005226,0,25.95005226,0,0,14.45397758,15.03928566
2.00E+06,18297546,1,2,45,66,7,12,1,0,1,4,182,10,22,0,1000,1,0,0,0,0,0,0,1,0,2438598,591440,1061846,15682,22.5,0.5,33,0,24.24242401,2,0,3.5,59.59597015,14.45397758,25.95005226,0,25.95005226,0,0,14.45397758,14.50865746
1250000,18297546,1,4,442,1617,230,419,69,22,35,209,259,122,383,46,973,0,0,0,0,1,0,0,1,0,2438598,591440,1061846,15682,110.5,8.75,404.25,0,39.39393997,52.25,11.5,57.5,59.59597015,14.45397758,25.95005226,0,25.95005226,0,0,14.45397758,14.03865433
825000,18297546,1,6,528,1608,178,395,60,7,8,130,246,159,203,32,970,0,0,1,0,0,0,2,0,0,2438598,591440,1061846,15682,88,1.333333373,268,33.33333206,30.65920448,21.66666603,5.333333492,29.66666603,59.59597015,14.45397758,25.95005226,0,0,59.59597015,0,0,13.62313843
750000,18297546,1,7,701,2088,275,610,110,11,21,254,292,347,248,5,989,0,0,0,1,0,0,0,0,0,2438598,591440,1061846,15682,100.1428604,3,298.2857056,0,38.55363846,36.2857132,0.714285731,39.2857132,59.59597015,14.45397758,25.95005226,0,0,59.59597015,0,0,13.52782822
2.00E+05,18297546,1,5,478,1348,155,351,69,9,26,123,260,112,218,59,972,0,0,0,0,1,0,0,0,1,2438598,591440,1061846,15682,95.59999847,5.199999809,269.6000061,0,38.27893066,24.60000038,11.80000019,31,59.59597015,14.45397758,25.95005226,14.45397758,0,0,25.95005226,0,12.20607281
190000,18297546,1,2,168,421,42,114,23,2,3,42,271,67,84,9,957,0,1,0,0,0,0,0,0,0,2438598,591440,1061846,15682,84,1.5,210.5,0,35.62945557,21,4.5,21,59.59597015,14.45397758,25.95005226,0,0,59.59597015,0,0,12.15477943
138000,18297546,1,3,109,330,19,71,10,1,8,33,215,23,61,0,987,0,0,0,0,0,1,0,0,0,2438598,591440,1061846,15682,36.33333206,2.666666746,110,0,32.42424393,11,0,6.333333492,59.59597015,14.45397758,25.95005226,0,0,59.59597015,0,0,11.83500862
136000,18297546,1,2,86,197,19,44,8,1,4,27,223,24,62,0,1000,0,0,0,0,1,0,0,0,0,2438598,591440,1061846,15682,43,2,98.5,0,33.50253677,13.5,0,9.5,59.59597015,14.45397758,25.95005226,0,0,59.59597015,0,0,11.82040977
125000,18297546,1,2,37,111,13,28,7,2,0,11,252,10,28,0,992,0,0,0,0,1,0,0,0,0,2438598,591440,1061846,15682,18.5,0,55.5,0,35.13513565,5.5,0,6.5,59.59597015,14.45397758,25.95005226,0,0,59.59597015,0,0,11.73606873
123000,18297546,1,1,32,99,14,29,6,0,0,7,293,11,13,0,967,0,0,0,0,1,0,0,0,1,2438598,591440,1061846,15682,32,0,99,0,35.3535347,7,0,14,59.59597015,14.45397758,25.95005226,14.45397758,0,0,25.95005226,0,11.71993923
123000,18297546,1,3,38,77,9,16,3,0,0,4,208,9,10,12,1000,0,0,0,0,1,0,0,0,1,2438598,591440,1061846,15682,12.66666698,0,25.66666603,0,24.67532539,1.333333373,4,3,59.59597015,14.45397758,25.95005226,14.45397758,0,0,25.95005226,0,11.71993923
3.00E+06,14671833,1,4,433,1481,207,409,79,9,58,212,276,137,324,54,990,0,0,0,0,1,0,1,0,0,NA,38645,NA,17889,108.25,14.5,370.25,25,45.91492081,53,13.5,51.75,NA,NA,NA,NA,NA,NA,NA,NA,14.91412258
1537500,14671833,1,3,415,1592,234,433,62,18,21,152,272,215,355,144,972,0,1,0,0,0,0,0,0,1,NA,38645,NA,17889,138.3333282,7,530.666687,0,37.31155777,50.66666794,48,78,NA,NA,NA,NA,NA,NA,NA,NA,14.24566841
1500000,14671833,1,4,431,1573,230,422,78,17,24,136,268,115,231,177,983,0,0,0,0,1,0,0,0,0,NA,38645,NA,17889,107.75,6,393.25,0,38.52511215,34,44.25,57.5,NA,NA,NA,NA,NA,NA,NA,NA,14.22097588
210000,14671833,1,2,131,361,57,100,28,3,9,56,277,25,49,16,979,0,0,0,0,1,0,0,0,1,NA,38645,NA,17889,65.5,4.5,180.5,0,44.59833908,28,8,28.5,NA,NA,NA,NA,NA,NA,NA,NA,12.25486279
170000,14671833,1,4,145,389,22,92,19,2,4,41,237,21,49,0,994,0,0,0,0,0,1,0,0,0,NA,38645,NA,17889,36.25,1,97.25,0,32.6478157,10.25,0,5.5,NA,NA,NA,NA,NA,NA,NA,NA,12.04355335
142500,14671833,1,2,126,274,25,64,12,3,5,28,234,25,54,3,987,0,0,0,0,1,0,0,0,0,NA,38645,NA,17889,63,2.5,137,0,35.40145874,14,1.5,12.5,NA,NA,NA,NA,NA,NA,NA,NA,11.8670969
126500,14671833,1,1,45,126,17,38,4,1,2,8,302,9,31,0,947,0,0,1,0,0,0,0,1,0,NA,38645,NA,17889,45,2,126,0,39.68254089,8,0,17,NA,NA,NA,NA,NA,NA,NA,NA,11.74799728
117500,14671833,1,2,34,83,5,15,2,0,1,4,181,8,26,0,957,0,0,0,0,1,0,0,0,0,NA,38645,NA,17889,17,0.5,41.5,0,24.09638596,2,0,2.5,NA,NA,NA,NA,NA,NA,NA,NA,11.67419338
115000,14671833,1,1,37,74,7,14,5,0,3,14,189,9,18,1,986,0,0,0,0,0,1,0,0,0,NA,38645,NA,17889,37,3,74,0,37.83783722,14,1,7,NA,NA,NA,NA,NA,NA,NA,NA,11.65268707
6200000,38553668,1,7,1046,3732,572,1040,224,37,135,596,279,463,570,32,958,0,0,0,0,1,0,4,0,1,12699119,3289465,2777951,19683,149.4285736,19.2857151,533.1428833,57.1428566,46.70418167,85.14286041,4.571428776,81.7142868,67.66896057,17.52835655,14.80268478,17.52835655,0,0,14.80268478,0,15.64005947
3375000,38553668,1,16,2444,9124,1343,2646,462,32,414,1562,290,1147,1224,90,993,1,0,0,0,0,0,8,0,1,12699119,3289465,2777951,19683,152.75,25.875,570.25,50,48.37790298,97.625,5.625,83.9375,67.66896057,17.52835655,14.80268478,17.52835655,0,0,14.80268478,0,15.03190613
2312500,38553668,1,8,1021,4042,648,1071,124,62,18,255,265,380,716,610,974,0,0,0,0,1,0,2,0,1,12699119,3289465,2777951,19683,127.625,2.25,505.25,25,33.9683342,31.875,76.25,81,67.66896057,17.52835655,14.80268478,17.52835655,0,0,14.80268478,0,14.65384007
2300000,38553668,1,10,1328,5132,675,1465,251,70,48,479,285,396,480,181,980,0,0,1,0,0,0,4,1,0,12699119,3289465,2777951,19683,132.8000031,4.800000191,513.2000122,40,38.97116089,47.90000153,18.10000038,67.5,67.66896057,17.52835655,14.80268478,0,14.80268478,0,0,17.52835655,14.64841938
2150000,38553668,1,11,1279,4309,672,1092,225,17,204,672,252.9999847,576,1891,213,939,0,0,0,1,0,0,2,0,0,12699119,3289465,2777951,19683,116.272728,18.54545403,391.7272644,18.18181801,45.55581284,61.09090805,19.36363602,61.09090805,67.66896057,17.52835655,14.80268478,0,0,67.66896057,0,0,14.58097839
650000,38553668,1,9,930,2935,384,817,131,29,37,265,278,221,266,82,985,0,0,0,0,1,0,0,0,0,12699119,3289465,2777951,19683,103.3333359,4.111111164,326.1111145,0,38.05792236,29.44444466,9.111110687,42.66666794,67.66896057,17.52835655,14.80268478,0,0,67.66896057,0,0,13.38472748
635000,38553668,1,10,411,1004,133,251,30,6,12,96,250,95,183,60,959,0,0,0,1,0,0,0,0,1,12699119,3289465,2777951,19683,41.09999847,1.200000048,100.4000015,0,32.76892471,9.600000381,6,13.30000019,67.66896057,17.52835655,14.80268478,17.52835655,0,0,14.80268478,0,13.36138058
5.00E+05,38553668,1,7,339,889,87,182,48,3,12,92,205,87,11,0,988,0,0,0,0,0,1,0,0,0,12699119,3289465,2777951,19683,48.42856979,1.714285731,127,0,30.59617615,13.14285755,0,12.4285717,67.66896057,17.52835655,14.80268478,0,0,67.66896057,0,0,13.12236309
475000,38553668,1,6,533,1555,199,422,70,8,8,136,271,127,195,19,993,0,0,0,0,1,0,0,0,0,12699119,3289465,2777951,19683,88.83333588,1.333333373,259.1666565,0,34.21221924,22.66666603,3.166666746,33.16666794,67.66896057,17.52835655,14.80268478,0,0,67.66896057,0,0,13.07106972
195000,38553668,1,3,180,485,45,97,23,1,8,41,200,31,108,3,995,0,0,0,0,0,1,0,0,0,12699119,3289465,2777951,19683,60,2.666666746,161.6666718,0,30.10309219,13.66666698,1,15,67.66896057,17.52835655,14.80268478,0,0,67.66896057,0,0,12.18075466
109000,38553668,1,1,30,108,15,24,7,1,3,10,222,8,24,2,988,0,0,0,0,1,0,0,0,1,12699119,3289465,2777951,19683,30,3,108,0,38.88888931,10,2,15,67.66896057,17.52835655,14.80268478,17.52835655,0,0,14.80268478,0,11.59910297
2466667,27037334,1,8,931,3219,533,916,190,28,52,283,285,384,342,220,989,0,0,0,0,1,0,1,0,0,4540541,1100347,225868,18431,116.375,6.5,402.375,12.5,40.94439316,35.375,27.5,66.625,77.39440918,18.75562859,3.849964142,0,0,77.39440918,0,0,14.71837807
2450000,27037334,1,7,930,2946,434,875,142,29,79,446,297,473,530,48,994,1,0,0,0,0,0,2,0,0,4540541,1100347,225868,18431,132.8571472,11.28571415,420.8571472,28.5714283,44.5349617,63.7142868,6.857142925,62,77.39440918,18.75562859,3.849964142,0,0,77.39440918,0,0,14.7115984
2416667,27037334,1,9,706,2114,263,492,105,9,75,309,233,341,441,32,986,0,0,0,0,0,1,1,0,0,4540541,1100347,225868,18431,78.44444275,8.333333015,234.8888855,11.11111069,39.73509979,34.33333206,3.555555582,29.22222137,77.39440918,18.75562859,3.849964142,0,0,77.39440918,0,0,14.69789982
2.00E+06,27037334,1,7,788,2830,368,722,123,27,53,253,255,146,536,147,959,0,0,0,0,1,0,0,1,0,4540541,1100347,225868,18431,112.5714264,7.571428776,404.2857056,0,37.38515854,36.1428566,21,52.57143021,77.39440918,18.75562859,3.849964142,0,3.849964142,0,0,18.75562859,14.50865746
1375000,27037334,1,9,980,2982,398,838,124,35,37,258,281,251,498,191,981,0,0,0,0,1,0,0,0,1,4540541,1100347,225868,18431,108.8888855,4.111111164,331.3333435,0,38.32997894,28.66666603,21.22222137,44.22222137,77.39440918,18.75562859,3.849964142,18.75562859,0,0,3.849964142,0,14.13396454
1050000,27037334,1,7,904,3135,402,772,154,15,146,470,246,280,979,29,964,0,0,0,0,1,0,0,0,0,4540541,1100347,225868,18431,129.1428528,20.8571434,447.8571472,0,44.46570969,67.14286041,4.142857075,57.42856979,77.39440918,18.75562859,3.849964142,0,0,77.39440918,0,0,13.86430073
1.00E+06,27037334,1,5,500,1697,207,477,98,7,41,245,281,62,233,10,993,1,0,0,0,0,0,0,0,1,4540541,1100347,225868,18431,100,8.199999809,339.3999939,0,41.9563942,49,2,41.40000153,77.39440918,18.75562859,3.849964142,18.75562859,0,0,3.849964142,0,13.81551075
6.00E+05,27037334,1,9,698,2144,251,594,121,23,25,237,277,150,228,67,987,0,0,0,0,1,0,0,0,0,4540541,1100347,225868,18431,77.55555725,2.777777672,238.222229,0,38.99253845,26.33333397,7.444444656,27.88888931,77.39440918,18.75562859,3.849964142,0,0,77.39440918,0,0,13.30468464
6.00E+05,27037334,1,3,284,851,136,224,38,6,38,129,263,103,164,10,950,0,0,0,1,0,0,0,0,0,4540541,1100347,225868,18431,94.66666412,12.66666698,283.6666565,0,45.59341812,43,3.333333254,45.33333206,77.39440918,18.75562859,3.849964142,0,0,77.39440918,0,0,13.30468464
3.00E+05,27037334,1,3,250,826,94,212,23,12,5,53,257,60,128,24,988,0,1,0,0,0,0,0,0,0,4540541,1100347,225868,18431,83.33333588,1.666666627,275.3333435,0,33.17191315,17.66666603,8,31.33333397,77.39440918,18.75562859,3.849964142,0,0,77.39440918,0,0,12.61153793
250000,27037334,1,3,195,704,86,176,37,3,24,95,250,42,137,17,978,0,0,0,0,1,0,0,0,1,4540541,1100347,225868,18431,65,8,234.6666718,0,41.33522797,31.66666603,5.666666508,28.66666603,77.39440918,18.75562859,3.849964142,18.75562859,0,0,3.849964142,0,12.42921638
150000,27037334,1,4,159,362,41,66,12,3,2,23,182,26,82,6,972,0,0,1,0,0,0,0,1,0,4540541,1100347,225868,18431,39.75,0.5,90.5,0,24.86187935,5.75,1.5,10.25,77.39440918,18.75562859,3.849964142,0,3.849964142,0,0,18.75562859,11.91839027
122500,27037334,1,2,54,163,11,34,4,0,1,11,209,5,26,0,930,0,0,1,0,0,0,0,0,1,4540541,1100347,225868,18431,27,0.5,81.5,0,25.15337372,5.5,0,5.5,77.39440918,18.75562859,3.849964142,18.75562859,0,0,3.849964142,0,11.71586609
4950000,22987668,1,10,1390,4737,720,1308,251,82,144,688,276,558,895,220,986,0,0,0,0,1,0,2,0,0,2041897,178857,12852,20207,139,14.39999962,473.7000122,20,45.49292755,68.80000305,22,72,91.41706085,8.007544518,0.575392425,0,0,91.41706085,0,0,15.41489792
2600000,22987668,1,7,669,2444,349,627,125,26,39,239,257,222,445,38,968,0,0,1,0,0,0,0,0,0,2041897,178857,12852,20207,95.57142639,5.571428776,349.1428528,0,37.68412399,34.1428566,5.428571224,49.8571434,91.41706085,8.007544518,0.575392425,0,0,91.41706085,0,0,14.77102184
2350000,22987668,1,9,736,2134,166,574,97,5,16,243,269,288,200,5,992,0,0,0,0,0,1,0,0,0,2041897,178857,12852,20207,81.77777863,1.777777791,237.1111145,0,34.16120148,27,0.555555582,18.44444466,91.41706085,8.007544518,0.575392425,0,0,91.41706085,0,0,14.66992569
1066667,22987668,1,11,1004,3071,320,859,193,26,59,351,280,219,438,16,985,0,0,0,0,0,1,0,0,0,2041897,178857,12852,20207,91.27272797,5.363636494,279.1818237,0,41.71279526,31.90909004,1.454545498,29.09090996,91.41706085,8.007544518,0.575392425,0,0,91.41706085,0,0,13.88004971
1.00E+06,22987668,1,15,1475,4888,853,1414,264,54,90,504,289,561,779,360,964,0,0,0,0,1,0,1,0,1,2041897,178857,12852,20207,98.33333588,6,325.8666687,6.666666508,42.06219482,33.59999847,24,56.86666489,91.41706085,8.007544518,0.575392425,8.007544518,0,0,0.575392425,0,13.81551075
675000,22987668,1,4,365,1175,149,270,52,7,37,155,230,82,155,14,975,0,0,0,1,0,0,0,0,0,2041897,178857,12852,20207,91.25,9.25,293.75,0,38.04255295,38.75,3.5,37.25,91.41706085,8.007544518,0.575392425,0,0,91.41706085,0,0,13.42246819
675000,22987668,1,6,431,931,120,232,39,2,29,123,249,116,137,15,983,0,0,0,0,1,0,0,0,1,2041897,178857,12852,20207,71.83333588,4.833333492,155.1666718,0,38.88292313,20.5,2.5,20,91.41706085,8.007544518,0.575392425,8.007544518,0,0,0.575392425,0,13.42246819
360000,22987668,1,10,952,2367,215,578,114,19,26,224,244,206,339,31,976,0,0,1,0,0,0,0,0,0,2041897,178857,12852,20207,95.19999695,2.599999905,236.6999969,0,34.13603592,22.39999962,3.099999905,21.5,91.41706085,8.007544518,0.575392425,0,0,91.41706085,0,0,12.79385948
305000,22987668,1,3,279,840,136,218,46,7,16,110,260,117,153,13,991,1,0,0,0,0,0,0,1,0,2041897,178857,12852,20207,93,5.333333492,280,0,38.80952454,36.66666794,4.333333492,45.33333206,91.41706085,8.007544518,0.575392425,0,0.575392425,0,0,8.007544518,12.62806702
120000,22987668,1,3,38,67,7,16,1,2,0,5,239,1,19,0,969,0,0,1,0,0,0,0,1,0,2041897,178857,12852,20207,12.66666698,0,22.33333397,0,31.3432827,1.666666627,0,2.333333254,91.41706085,8.007544518,0.575392425,0,0.575392425,0,0,8.007544518,11.6952467
112000,22987668,1,2,92,229,26,58,13,0,0,11,252.9999847,19,39,6,961,0,0,0,1,0,0,0,0,0,2041897,178857,12852,20207,46,0,114.5,0,31.00436592,5.5,3,13,91.41706085,8.007544518,0.575392425,0,0,91.41706085,0,0,11.62625408
109000,22987668,1,1,12,12,1,2,0,1,0,2,167,0,5,0,1000,0,0,0,0,1,0,0,0,1,2041897,178857,12852,20207,12,0,12,0,33.33333206,2,0,1,91.41706085,8.007544518,0.575392425,8.007544518,0,0,0.575392425,0,11.59910297
109000,22987668,1,1,10,7,2,4,0,0,0,4,571,2,0,1,800,0,0,0,1,0,0,0,0,1,2041897,178857,12852,20207,10,0,7,0,57.1428566,4,1,2,91.41706085,8.007544518,0.575392425,8.007544518,0,0,0.575392425,0,11.59910297
3897184,23387518,1,15,2208,8087,1079,2108,347,57,22,681,261,949,524,542,979,0,0,1,0,0,0,12,0,1,1985500,423182,26014,18595,147.1999969,1.466666698,539.1333618,80,32.58315659,45.40000153,36.13333511,71.93333435,81.5502243,17.3813076,1.06847012,17.3813076,0,0,1.06847012,0,15.17576504
2650000,23387518,1,6,617,2317,312,644,132,12,52,280,278,183,163,82,964,0,0,0,1,0,0,0,0,0,1985500,423182,26014,18595,102.8333359,8.666666985,386.1666565,0,41.26025009,46.66666794,13.66666698,52,81.5502243,17.3813076,1.06847012,0,0,81.5502243,0,0,14.79007053
2575000,23387518,1,6,508,1487,119,379,77,8,13,151,255,99,228,13,993,0,0,0,0,0,1,1,0,0,1985500,423182,26014,18595,84.66666412,2.166666746,247.8333282,16.66666603,34.36449051,25.16666603,2.166666746,19.83333397,81.5502243,17.3813076,1.06847012,0,0,81.5502243,0,0,14.76136017
2050000,23387518,1,9,1001,2780,288,726,94,19,12,224,261,380,331,33,983,0,1,0,0,0,0,0,1,0,1985500,423182,26014,18595,111.2222214,1.333333373,308.8888855,0,32.15827179,24.88888931,3.666666746,32,81.5502243,17.3813076,1.06847012,0,1.06847012,0,0,17.3813076,14.53334999
1025000,23387518,1,4,453,1581,196,413,82,11,34,194,261,206,255,26,966,0,0,0,1,0,0,0,0,0,1985500,423182,26014,18595,113.25,8.5,395.25,0,39.1524353,48.5,6.5,49,81.5502243,17.3813076,1.06847012,0,0,81.5502243,0,0,13.84020329
966667,23387518,1,10,972,2890,346,761,134,11,52,357,263,289,327,140,987,1,0,0,0,0,0,0,0,1,1985500,423182,26014,18595,97.19999695,5.199999809,289,0,37.12802887,35.70000076,14,34.59999847,81.5502243,17.3813076,1.06847012,17.3813076,0,0,1.06847012,0,13.78160954
508333,23387518,1,3,297,1003,131,252,38,12,20,95,250.9999847,139,259,34,979,0,0,0,0,1,0,0,0,1,1985500,423182,26014,18595,99,6.666666508,334.3333435,0,37.28813553,31.66666603,11.33333302,43.66666794,81.5502243,17.3813076,1.06847012,17.3813076,0,0,1.06847012,0,13.13889217
290000,23387518,1,3,343,1290,182,353,73,22,32,167,274,126,288,94,990,0,0,0,0,1,0,0,0,1,1985500,423182,26014,18595,114.3333359,10.66666698,430,0,43.87596893,55.66666794,31.33333397,60.66666794,81.5502243,17.3813076,1.06847012,17.3813076,0,0,1.06847012,0,12.57763577
225000,23387518,1,3,174,418,46,101,20,2,22,63,242,36,81,1,983,0,0,0,0,0,1,0,1,0,1985500,423182,26014,18595,58,7.333333492,139.3333282,0,45.69377899,21,0.333333343,15.33333302,81.5502243,17.3813076,1.06847012,0,1.06847012,0,0,17.3813076,12.3238554
175000,23387518,1,3,230,716,95,193,31,8,13,66,270,86,90,38,982,0,0,0,0,1,0,0,0,1,1985500,423182,26014,18595,76.66666412,4.333333492,238.6666718,0,38.96648026,22,12.66666698,31.66666603,81.5502243,17.3813076,1.06847012,17.3813076,0,0,1.06847012,0,12.07254124
170000,23387518,1,3,184,433,74,118,22,4,12,50,273,46,96,29,981,0,1,0,0,0,0,0,1,0,1985500,423182,26014,18595,61.33333206,4,144.3333282,0,42.49422455,16.66666603,9.666666985,24.66666603,81.5502243,17.3813076,1.06847012,0,1.06847012,0,0,17.3813076,12.04355335
160000,23387518,1,3,234,630,51,141,22,15,3,56,224,60,91,3,976,0,1,0,0,0,0,0,1,0,1985500,423182,26014,18595,78,1,210,0,32.06349182,18.66666603,1,17,81.5502243,17.3813076,1.06847012,0,1.06847012,0,0,17.3813076,11.98292923
3700000,37792000,1,6,701,2586,402,670,131,23,111,363,259,233,483,131,967,0,0,0,0,1,0,1,0,1,202017,736153,57169,15559,116.8333359,18.5,431,16.66666603,45.63031769,60.5,21.83333397,67,20.29630089,73.9600296,5.743671417,73.9600296,0,0,5.743671417,0,15.12384319
2815000,37792000,1,10,869,1996,381,513,53,10,6,123,257,208,264,305,987,0,0,0,0,1,0,0,0,1,202017,736153,57169,15559,86.90000153,0.600000024,199.6000061,0,30.26052094,12.30000019,30.5,38.09999847,20.29630089,73.9600296,5.743671417,73.9600296,0,0,5.743671417,0,14.85047245
2250000,37792000,1,9,1240,4659,596,1274,228,33,87,633,273,332,567,114,958,0,0,0,1,0,0,1,0,1,202017,736153,57169,15559,137.777771,9.666666985,517.666687,11.11111069,39.25735092,70.33333588,12.66666698,66.22222137,20.29630089,73.9600296,5.743671417,73.9600296,0,0,5.743671417,0,14.626441
2.00E+06,37792000,1,6,578,1769,237,464,90,15,49,207,262,194,357,25,959,0,0,1,0,0,0,0,0,0,202017,736153,57169,15559,96.33333588,8.166666985,294.8333435,0,41.32278061,34.5,4.166666508,39.5,20.29630089,73.9600296,5.743671417,0,0,20.29630089,0,0,14.50865746
1775000,37792000,1,4,396,1370,228,369,70,8,71,240,269,215,267,23,976,0,0,0,0,1,0,0,0,1,202017,736153,57169,15559,99,17.75,342.5,0,48.75912476,60,5.75,57,20.29630089,73.9600296,5.743671417,73.9600296,0,0,5.743671417,0,14.38931084
1600000,37792000,1,10,925,2770,311,726,172,11,81,413,262,306,398,43,991,1,0,0,0,0,0,0,0,0,202017,736153,57169,15559,92.5,8.100000381,277,0,41.98556137,41.29999924,4.300000191,31.10000038,20.29630089,73.9600296,5.743671417,0,0,20.29630089,0,0,14.28551388
1.00E+06,37792000,1,4,222,593,101,145,11,18,17,57,245,46,110,46,974,0,0,0,0,1,0,0,0,1,202017,736153,57169,15559,55.5,4.25,148.25,0,40.97807693,14.25,11.5,25.25,20.29630089,73.9600296,5.743671417,73.9600296,0,0,5.743671417,0,13.81551075
975000,37792000,1,6,379,1191,98,281,60,2,28,146,236,69,238,3,985,0,0,0,0,0,1,0,0,0,202017,736153,57169,15559,63.16666794,4.666666508,198.5,0,36.02014923,24.33333397,0.5,16.33333397,20.29630089,73.9600296,5.743671417,0,0,20.29630089,0,0,13.7901926
925000,37792000,1,4,331,1013,109,250,51,3,16,107,247,108,130,4,994,0,0,0,0,0,1,1,0,0,202017,736153,57169,15559,82.75,4,253.25,25,35.04442215,26.75,1,27.25,20.29630089,73.9600296,5.743671417,0,0,20.29630089,0,0,13.73754883
8.00E+05,37792000,1,11,777,1689,171,377,31,12,1,113,223,121,274,34,973,0,0,1,0,0,0,0,1,0,202017,736153,57169,15559,70.63636017,0.090909094,153.5454559,0,25.75488472,10.27272701,3.090909004,15.54545498,20.29630089,73.9600296,5.743671417,0,5.743671417,0,0,73.9600296,13.59236717
675000,37792000,1,7,562,1353,195,336,65,10,20,127,248,142,195,50,979,0,0,0,1,0,0,0,0,0,202017,736153,57169,15559,80.2857132,2.857142925,193.2857208,0,35.55062866,18.1428566,7.142857075,27.8571434,20.29630089,73.9600296,5.743671417,0,0,20.29630089,0,0,13.42246819
550000,37792000,1,5,423,1048,108,237,37,7,10,82,226,109,100,1,982,0,1,0,0,0,0,0,0,0,202017,736153,57169,15559,84.59999847,2,209.6000061,0,30.34351158,16.39999962,0.200000003,21.60000038,20.29630089,73.9600296,5.743671417,0,0,20.29630089,0,0,13.2176733
205000,37792000,1,2,199,509,66,125,29,3,26,91,246,38,98,1,991,1,0,0,0,0,0,0,0,0,202017,736153,57169,15559,99.5,13,254.5,0,46.75835037,45.5,0.5,33,20.29630089,73.9600296,5.743671417,0,0,20.29630089,0,0,12.23076534
181500,37792000,1,4,126,268,24,69,14,1,13,51,257,13,48,2,985,0,0,0,0,0,1,0,1,0,202017,736153,57169,15559,31.5,3.25,67,0,46.26865768,12.75,0.5,6,20.29630089,73.9600296,5.743671417,0,5.743671417,0,0,73.9600296,12.1090107
5700000,42668168,1,7,835,3122,478,924,150,30,70,368,296,273,291,148,973,0,0,1,0,0,0,4,0,1,1521061,203067,9376,17998,119.2857132,10,446,57.1428566,43.04932785,52.57143021,21.1428566,68.2857132,87.74488068,11.71425056,0.540869832,11.71425056,0,0,0.540869832,0,15.55597687
3900000,42668168,1,6,636,2091,378,626,103,22,20,158,299,218,266,151,972,0,0,0,0,1,0,1,0,1,1521061,203067,9376,17998,106,3.333333254,348.5,16.66666603,39.83739853,26.33333397,25.16666603,63,87.74488068,11.71425056,0.540869832,11.71425056,0,0,0.540869832,0,15.17648697
3750000,42668168,1,8,900,3109,469,859,162,20,171,548,276,352,542,26,963,0,0,0,0,1,0,2,0,1,1521061,203067,9376,17998,112.5,21.375,388.625,25,50.62721252,68.5,3.25,58.625,87.74488068,11.71425056,0.540869832,11.71425056,0,0,0.540869832,0,15.13726616
3133333,42668168,1,6,638,2277,320,637,110,12,56,258,280,168,1440,151,984,0,0,0,0,1,0,1,0,1,1521061,203067,9376,17998,106.3333359,9.333333015,379.5,16.66666603,41.23847198,43,25.16666603,53.33333206,87.74488068,11.71425056,0.540869832,11.71425056,0,0,0.540869832,0,14.95760822
3100000,42668168,1,5,616,2335,342,637,153,11,80,275,273,189,276,108,962,0,0,0,1,0,0,3,0,0,1521061,203067,9376,17998,123.1999969,16,467,60,45.05353165,55,21.60000038,68.40000153,87.74488068,11.71425056,0.540869832,0,0,87.74488068,0,0,14.94691277
1275000,42668168,1,5,388,1220,166,371,76,7,27,152,304,113,159,25,995,1,0,0,0,0,0,0,0,0,1521061,203067,9376,17998,77.59999847,5.400000095,244,0,44.42623138,30.39999962,5,33.20000076,87.74488068,11.71425056,0.540869832,0,0,87.74488068,0,0,14.05845642
1200000,42668168,1,4,407,1269,110,314,67,1,32,173,247,96,231,3,989,0,0,0,0,0,1,0,0,0,1521061,203067,9376,17998,101.75,8,317.25,0,37.74625778,43.25,0.75,27.5,87.74488068,11.71425056,0.540869832,0,0,87.74488068,0,0,13.9978323
7.00E+05,42668168,1,10,1310,5146,718,1338,243,85,128,574,260,346,1208,349,973,0,0,0,0,1,0,3,1,0,1521061,203067,9376,17998,131,12.80000019,514.5999756,30,41.48853302,57.40000153,34.90000153,71.80000305,87.74488068,11.71425056,0.540869832,0,0.540869832,0,0,11.71425056,13.4588356
475000,42668168,1,6,554,1755,258,450,86,9,62,236,256,373,357,16,992,1,0,0,0,0,0,0,0,1,1521061,203067,9376,17998,92.33333588,10.33333302,292.5,0,42.16524124,39.33333206,2.666666746,43,87.74488068,11.71425056,0.540869832,11.71425056,0,0,0.540869832,0,13.07106972
4.00E+05,42668168,1,5,355,557,71,135,28,7,8,57,242,35,91,24,969,0,0,0,0,1,0,0,0,0,1521061,203067,9376,17998,71,1.600000024,111.4000015,0,36.08617783,11.39999962,4.800000191,14.19999981,87.74488068,11.71425056,0.540869832,0,0,87.74488068,0,0,12.89921951
2.00E+05,42668168,1,2,125,425,68,112,26,6,13,39,264,48,107,17,980,0,0,0,0,1,0,0,0,1,1521061,203067,9376,17998,62.5,6.5,212.5,0,44.47058868,19.5,8.5,34,87.74488068,11.71425056,0.540869832,11.71425056,0,0,0.540869832,0,12.20607281
120000,42668168,1,1,34,51,6,14,4,0,0,4,275,0,10,3,952,0,0,0,0,1,0,0,1,0,1521061,203067,9376,17998,34,0,51,0,35.29411697,4,3,6,87.74488068,11.71425056,0.540869832,0,0.540869832,0,0,11.71425056,11.6952467
1200000,8854000,1,5,530,1845,168,461,77,4,48,219,250,83,319,13,953,0,0,0,1,0,0,0,0,1,1594734,97755,226200,18365,106,9.600000381,369,0,37.39837265,43.79999924,2.599999905,33.59999847,83.11581421,5.094884872,11.78929996,5.094884872,0,0,11.78929996,0,13.9978323
725000,8854000,1,5,424,1365,144,347,69,6,38,176,254.0000153,60,291,40,979,0,0,0,0,1,0,0,0,0,1594734,97755,226200,18365,84.80000305,7.599999905,273,0,39.70695877,35.20000076,8,28.79999924,83.11581421,5.094884872,11.78929996,0,0,83.11581421,0,0,13.493927
690000,8854000,1,5,340,1022,88,242,45,7,28,126,237,61,224,5,991,0,0,0,0,1,0,0,0,1,1594734,97755,226200,18365,68,5.599999905,204.3999939,0,37.67123413,25.20000076,1,17.60000038,83.11581421,5.094884872,11.78929996,5.094884872,0,0,11.78929996,0,13.44444656
670000,8854000,1,4,304,893,73,234,39,3,3,70,262,53,120,10,985,0,0,0,0,0,1,0,0,0,1594734,97755,226200,18365,76,0.75,223.25,0,32.25083923,17.5,2.5,18.25,83.11581421,5.094884872,11.78929996,0,0,83.11581421,0,0,13.41503334
6.00E+05,8854000,1,8,942,3407,432,909,182,16,116,472,267,235,859,59,992,1,0,0,0,0,0,1,1,0,1594734,97755,226200,18365,117.75,14.5,425.875,12.5,43.17581558,59,7.375,54,83.11581421,5.094884872,11.78929996,0,11.78929996,0,0,5.094884872,13.30468464
550000,8854000,1,9,882,2261,321,565,114,21,65,224,250,205,392,97,976,0,0,0,0,1,0,0,0,1,1594734,97755,226200,18365,98,7.222222328,251.222229,0,40.51304626,24.88888931,10.77777767,35.66666794,83.11581421,5.094884872,11.78929996,5.094884872,0,0,11.78929996,0,13.2176733
350000,8854000,1,3,290,916,145,259,26,14,0,49,283,114,152,83,971,0,0,0,0,1,0,0,0,1,1594734,97755,226200,18365,96.66666412,0,305.3333435,0,34.17030716,16.33333397,27.66666603,48.33333206,83.11581421,5.094884872,11.78929996,5.094884872,0,0,11.78929996,0,12.7656889
310000,8854000,1,6,605,1755,249,432,55,17,3,109,246,220,204,153,992,0,0,0,0,1,0,0,0,1,1594734,97755,226200,18365,100.8333359,0.5,292.5,0,30.19943047,18.16666603,25.5,41.5,83.11581421,5.094884872,11.78929996,5.094884872,0,0,11.78929996,0,12.64432716
225000,8854000,1,17,2154,7918,196,2105,349,39,398,1259,266,981,1733,161,982,0,0,0,0,1,0,7,0,0,1594734,97755,226200,18365,126.7058792,23.41176414,465.7647095,41.17647171,47.05733871,74.05882263,9.470588684,11.52941132,83.11581421,5.094884872,11.78929996,0,0,83.11581421,0,0,12.3238554
167500,8854000,1,2,98,236,25,58,11,1,1,20,246,11,49,1,974,0,0,1,0,0,0,0,1,0,1594734,97755,226200,18365,49,0.5,118,0,31.35593224,10,0.5,12.5,83.11581421,5.094884872,11.78929996,0,11.78929996,0,0,5.094884872,12.02873898
120000,8854000,1,2,21,21,2,5,1,0,0,1,238,1,6,0,963,0,0,1,0,0,0,0,1,0,1594734,97755,226200,18365,10.5,0,10.5,0,28.5714283,0.5,0,1,83.11581421,5.094884872,11.78929996,0,11.78929996,0,0,5.094884872,11.6952467
3150000,28970500,1,6,694,2492,271,639,121,11,44,295,256,206,405,27,952,0,0,0,0,1,0,0,0,0,2507455,665378,772295,17707,115.6666641,7.333333492,415.3333435,0,36.67736816,49.16666794,4.5,45.16666794,63.55826569,16.86581612,19.5759182,0,0,63.55826569,0,0,14.96291256
3050000,28970500,1,5,645,2280,306,624,106,12,30,192,274,256,338,109,987,0,1,0,0,0,0,2,0,0,2507455,665378,772295,17707,129,6,456,40,37.01754379,38.40000153,21.79999924,61.20000076,63.55826569,16.86581612,19.5759182,0,0,63.55826569,0,0,14.93065262
2900000,28970500,1,4,544,1884,249,520,78,29,18,171,276,147,211,117,986,0,0,0,0,1,0,0,0,0,2507455,665378,772295,17707,136,4.5,471,0,37.68577576,42.75,29.25,62.25,63.55826569,16.86581612,19.5759182,0,0,63.55826569,0,0,14.88022137
775000,28970500,1,6,641,1743,175,435,75,20,9,124,250,149,187,34,981,0,0,1,0,0,0,0,0,0,2507455,665378,772295,17707,106.8333359,1.5,290.5,0,33.10384369,20.66666603,5.666666508,29.16666603,63.55826569,16.86581612,19.5759182,0,0,63.55826569,0,0,13.5606184
655000,28970500,1,2,318,1140,166,323,60,10,33,178,283,159,213,17,993,1,0,0,0,0,0,0,0,0,2507455,665378,772295,17707,159,16.5,570,0,44.03508759,89,8.5,83,63.55826569,16.86581612,19.5759182,0,0,63.55826569,0,0,13.39239025
5.00E+05,28970500,1,11,1267,4112,509,1108,203,39,104,507,269,279,566,134,982,0,0,0,0,1,0,1,0,1,2507455,665378,772295,17707,115.1818161,9.454545021,373.8181763,9.090909004,41.36672974,46.09090805,12.18181801,46.27272797,63.55826569,16.86581612,19.5759182,16.86581612,0,0,19.5759182,0,13.12236309
5.00E+05,28970500,1,7,779,2665,283,694,122,19,72,333,260,148,398,24,982,0,0,0,0,1,0,0,0,0,2507455,665378,772295,17707,111.2857132,10.28571415,380.7142944,0,40.15009308,47.57143021,3.428571463,40.42856979,63.55826569,16.86581612,19.5759182,0,0,63.55826569,0,0,13.12236309
4.00E+05,28970500,1,9,993,3011,303,725,98,34,19,216,241,248,420,69,970,0,0,1,0,0,0,0,1,0,2507455,665378,772295,17707,110.3333359,2.111111164,334.555542,0,31.4845562,24,7.666666508,33.66666794,63.55826569,16.86581612,19.5759182,0,19.5759182,0,0,16.86581612,12.89921951
350000,28970500,1,4,285,858,89,180,31,1,34,123,210,88,233,11,976,0,0,0,0,1,0,0,0,1,2507455,665378,772295,17707,71.25,8.5,214.5,0,36.71328735,30.75,2.75,22.25,63.55826569,16.86581612,19.5759182,16.86581612,0,0,19.5759182,0,12.7656889
325000,28970500,1,3,271,881,92,218,49,12,23,124,247,66,158,17,988,0,0,0,0,1,0,0,1,0,2507455,665378,772295,17707,90.33333588,7.666666508,293.6666565,0,40.86265564,41.33333206,5.666666508,30.66666603,63.55826569,16.86581612,19.5759182,0,19.5759182,0,0,16.86581612,12.69158077
162500,28970500,1,2,130,363,28,82,17,1,5,36,226,36,94,2,990,0,0,0,0,0,1,0,0,0,2507455,665378,772295,17707,65,2.5,181.5,0,31.95592308,18,1,14,63.55826569,16.86581612,19.5759182,0,0,63.55826569,0,0,11.99843311
156500,28970500,1,2,93,242,12,55,12,0,0,21,227,15,33,0,994,0,0,0,0,0,1,0,0,0,2507455,665378,772295,17707,46.5,0,121,0,27.68595123,10.5,0,6,63.55826569,16.86581612,19.5759182,0,0,63.55826569,0,0,11.96081161
135000,28970500,1,3,145,479,42,99,26,4,11,49,207,23,150,6,944,0,0,1,0,0,0,0,1,0,2507455,665378,772295,17707,48.33333206,3.666666746,159.6666718,0,34.65553284,16.33333397,2,14,63.55826569,16.86581612,19.5759182,0,19.5759182,0,0,16.86581612,11.81303024
130000,28970500,1,2,82,210,15,41,6,0,0,11,195,31,44,2,975,0,0,0,1,0,0,0,0,0,2507455,665378,772295,17707,41,0,105,0,22.38095284,5.5,1,7.5,63.55826569,16.86581612,19.5759182,0,0,63.55826569,0,0,11.77528954
3800000,36217500,1,10,1291,4564,768,1196,217,34,285,857,262,674,1119,204,979,0,0,0,0,1,0,8,0,1,9388957,1229809,4779118,14731,129.1000061,28.5,456.3999939,80,51.18317413,85.69999695,20.39999962,76.80000305,60.97563171,7.986870289,31.03749847,7.986870289,0,0,31.03749847,0,15.15051174
3362500,36217500,1,13,1767,6529,737,1694,360,31,204,905,259,514,1007,50,964,0,0,0,1,0,0,5,0,0,9388957,1229809,4779118,14731,135.9230804,15.69230747,502.2307739,38.46154022,41.78281403,69.61538696,3.846153736,56.69230652,60.97563171,7.986870289,31.03749847,0,0,60.97563171,0,0,15.02819538
3333333,36217500,1,12,1678,6169,1048,1777,216,99,44,439,288,857,673,437,992,0,0,0,0,1,0,1,0,0,9388957,1229809,4779118,14731,139.8333282,3.666666746,514.083313,8.333333015,37.65602112,36.58333206,36.41666794,87.33333588,60.97563171,7.986870289,31.03749847,0,0,60.97563171,0,0,15.01948357
2500000,36217500,1,6,715,2658,361,743,180,7,17,227,280,319,227,23,979,0,1,0,0,0,0,0,0,0,9388957,1229809,4779118,14731,119.1666641,2.833333254,443,0,37.17080688,37.83333206,3.833333254,60.16666794,60.97563171,7.986870289,31.03749847,0,0,60.97563171,0,0,14.73180103
1500000,36217500,1,7,852,2987,360,729,139,12,132,414,244,165,798,23,978,0,0,0,0,1,0,0,0,0,9388957,1229809,4779118,14731,121.7142868,18.8571434,426.7142944,0,43.12018585,59.1428566,3.285714388,51.42856979,60.97563171,7.986870289,31.03749847,0,0,60.97563171,0,0,14.22097588
1.00E+06,36217500,1,9,932,3124,575,828,127,19,182,564,265,460,824,266,984,0,0,0,0,1,0,2,0,1,9388957,1229809,4779118,14731,103.5555573,20.22222137,347.1111145,22.22222137,49.26376343,62.66666794,29.55555534,63.88888931,60.97563171,7.986870289,31.03749847,7.986870289,0,0,31.03749847,0,13.81551075
970000,36217500,1,6,477,106,135,313,56,5,8,111,283,133,135,20,966,0,1,0,0,0,0,1,0,1,9388957,1229809,4779118,14731,79.5,1.333333373,17.66666603,16.66666603,380.1886902,18.5,3.333333254,22.5,60.97563171,7.986870289,31.03749847,7.986870289,0,0,31.03749847,0,13.78505135
9.00E+05,36217500,1,5,548,1585,191,443,54,6,8,131,279,115,124,64,954,0,1,0,0,0,0,0,0,1,9388957,1229809,4779118,14731,109.5999985,1.600000024,317,0,33.62776184,26.20000076,12.80000019,38.20000076,60.97563171,7.986870289,31.03749847,7.986870289,0,0,31.03749847,0,13.71014977
6.00E+05,36217500,1,10,1041,3107,456,825,139,52,63,313,266,302,527,155,980,0,0,0,0,1,0,0,0,0,9388957,1229809,4779118,14731,104.0999985,6.300000191,310.7000122,0,40.45703125,31.29999924,15.5,45.59999847,60.97563171,7.986870289,31.03749847,0,0,60.97563171,0,0,13.30468464
435000,36217500,1,2,163,559,63,141,31,1,20,89,252,38,109,2,993,1,0,0,0,0,0,0,0,0,9388957,1229809,4779118,14731,81.5,10,279.5,0,41.860466,44.5,1,31.5,60.97563171,7.986870289,31.03749847,0,0,60.97563171,0,0,12.98310089
3.00E+05,36217500,1,3,230,705,84,170,22,8,2,40,241,86,144,27,938,0,0,1,0,0,0,0,1,0,9388957,1229809,4779118,14731,76.66666412,0.666666687,235,0,30.35461044,13.33333302,9,28,60.97563171,7.986870289,31.03749847,0,31.03749847,0,0,7.986870289,12.61153793
175000,36217500,1,3,94,207,14,52,6,0,3,19,250.9999847,11,28,1,980,0,0,0,0,0,1,0,1,0,9388957,1229809,4779118,14731,31.33333397,1,69,0,32.36714935,6.333333492,0.333333343,4.666666508,60.97563171,7.986870289,31.03749847,0,31.03749847,0,0,7.986870289,12.07254124
126000,36217500,1,1,21,69,5,16,3,0,1,7,232,4,12,0,990,0,0,0,0,0,1,0,0,0,9388957,1229809,4779118,14731,21,1,69,0,31.884058,7,0,5,60.97563171,7.986870289,31.03749847,0,0,60.97563171,0,0,11.74403763
4250000,24557332,1,7,883,3003,511,839,148,13,191,515,279,553,737,33,992,1,0,0,0,0,0,1,0,1,1872256,159306,510781,22164,126.1428604,27.2857151,429,14.28571415,52.81385422,73.57142639,4.714285851,73,73.64293671,6.266109467,20.09095573,6.266109467,0,0,20.09095573,0,15.26242924
4083333,24557332,1,11,1463,5701,842,1864,278,78,59,591,327,506,291,249,986,0,0,0,0,1,0,8,0,1,1872256,159306,510781,22164,133,5.363636494,518.2727051,72.72727203,43.41343689,53.72727203,22.63636398,76.54545593,73.64293671,6.266109467,20.09095573,6.266109467,0,0,20.09095573,0,15.22242451
3110000,24557332,1,5,440,1667,225,471,95,6,54,233,283,145,136,48,949,0,0,0,1,0,0,1,0,1,1872256,159306,510781,22164,88,10.80000019,333.3999939,20,44.39112091,46.59999847,9.600000381,45,73.64293671,6.266109467,20.09095573,6.266109467,0,0,20.09095573,0,14.95013332
1750000,24557332,1,7,873,2866,339,716,141,28,32,292,250,249,411,32,962,0,1,0,0,0,0,1,0,0,1872256,159306,510781,22164,124.7142868,4.571428776,409.4285583,14.28571415,35.20586014,41.7142868,4.571428776,48.42856979,73.64293671,6.266109467,20.09095573,0,0,73.64293671,0,0,14.37512589
762500,24557332,1,10,977,2912,389,739,174,10,79,348,254.0000153,360,492,21,979,0,1,0,0,0,0,0,0,0,1872256,159306,510781,22164,97.69999695,7.900000095,291.2000122,0,40.17856979,34.79999924,2.099999905,38.90000153,73.64293671,6.266109467,20.09095573,0,0,73.64293671,0,0,13.54435825
3.00E+05,24557332,1,13,1441,4373,398,1131,198,12,68,446,259,567,307,29,988,0,0,0,0,0,1,2,0,0,1872256,159306,510781,22164,110.8461533,5.230769157,336.384613,15.38461494,35.60484695,34.30769348,2.230769157,30.61538506,73.64293671,6.266109467,20.09095573,0,0,73.64293671,0,0,12.61153793
245000,24557332,1,3,175,512,74,137,27,1,18,68,268,71,127,3,975,0,0,0,0,1,0,0,0,0,1872256,159306,510781,22164,58.33333206,6,170.6666718,0,42.96875,22.66666603,1,24.66666603,73.64293671,6.266109467,20.09095573,0,0,73.64293671,0,0,12.40901375
165000,24557332,1,2,79,189,28,43,6,3,2,16,228,21,39,10,984,0,0,0,0,1,0,0,0,1,1872256,159306,510781,22164,39.5,1,94.5,0,32.27513123,8,5,14,73.64293671,6.266109467,20.09095573,6.266109467,0,0,20.09095573,0,12.01370049
149000,24557332,1,5,131,265,22,64,11,0,1,19,242,6,47,1,958,0,0,1,0,0,0,0,0,0,1872256,159306,510781,22164,26.20000076,0.200000003,53,0,29.43396187,3.799999952,0.200000003,4.400000095,73.64293671,6.266109467,20.09095573,0,0,73.64293671,0,0,11.9117012
109000,24557332,1,1,15,23,1,7,0,0,1,5,304,1,7,0,941,1,0,0,0,0,0,0,1,0,1872256,159306,510781,22164,15,1,23,0,43.47826004,5,0,1,73.64293671,6.266109467,20.09095573,0,20.09095573,0,0,6.266109467,11.59910297
4750000,34136500,1,7,1028,3778,605,1139,222,35,162,636,301,443,676,50,993,1,0,0,0,0,0,5,0,0,4434064,537753,970403,26414,146.8571472,23.1428566,539.7142944,71.42857361,50.74113464,90.85713959,7.142857075,86.42857361,74.61965179,9.04969883,16.33064651,0,0,74.61965179,0,0,15.37365532
4416667,34136500,1,7,1010,3584,672,984,220,36,176,556,275,611,590,251,985,0,0,0,0,1,0,2,0,1,4434064,537753,970403,26414,144.2857208,25.1428566,512,28.5714283,50.33481979,79.42857361,35.8571434,96,74.61965179,9.04969883,16.33064651,9.04969883,0,0,16.33064651,0,15.30089569
2312500,34136500,1,11,1462,5669,773,1689,257,83,57,639,298,315,878,307,977,0,0,0,0,1,0,4,0,1,4434064,537753,970403,26414,132.9090881,5.181818008,515.3636475,36.36363602,40.27165222,58.09090805,27.90909004,70.27272797,74.61965179,9.04969883,16.33064651,9.04969883,0,0,16.33064651,0,14.65384007
2250000,34136500,1,6,682,2428,293,586,97,16,121,376,241,143,556,24,960,0,0,0,1,0,0,1,0,0,4434064,537753,970403,26414,113.6666641,20.16666603,404.6666565,16.66666603,44.39868164,62.66666794,4,48.83333206,74.61965179,9.04969883,16.33064651,0,0,74.61965179,0,0,14.626441
1900000,34136500,1,7,983,3426,487,883,174,34,85,342,258,313,713,87,981,0,1,0,0,0,0,1,0,0,4434064,537753,970403,26414,140.4285736,12.14285755,489.4285583,14.28571415,40.28020859,48.8571434,12.4285717,69.57142639,74.61965179,9.04969883,16.33064651,0,0,74.61965179,0,0,14.45736408
1100000,34136500,1,7,836,2555,329,688,99,37,39,228,269,214,425,107,981,0,0,0,0,1,0,0,1,0,4434064,537753,970403,26414,119.4285736,5.571428776,365,0,38.27788544,32.57143021,15.28571415,47,74.61965179,9.04969883,16.33064651,0,16.33064651,0,0,9.04969883,13.91082096
735000,34136500,1,6,315,863,66,199,30,8,5,79,231,51,117,5,988,0,0,0,0,0,1,0,0,0,4434064,537753,970403,26414,52.5,0.833333313,143.8333282,0,30.12746239,13.16666698,0.833333313,11,74.61965179,9.04969883,16.33064651,0,0,74.61965179,0,0,13.50762558
5.00E+05,34136500,1,6,722,2341,257,593,115,14,50,317,252.9999847,149,1430,19,994,1,0,0,0,0,0,0,0,0,4434064,537753,970403,26414,120.3333359,8.333333015,390.1666565,0,37.8470726,52.83333206,3.166666746,42.83333206,74.61965179,9.04969883,16.33064651,0,0,74.61965179,0,0,13.12236309
325000,34136500,1,9,540,1425,103,332,63,6,13,19,233,140,203,2,988,0,0,0,0,0,1,0,0,0,4434064,537753,970403,26414,60,1.444444418,158.3333282,0,31.29824638,2.111111164,0.222222224,11.44444466,74.61965179,9.04969883,16.33064651,0,0,74.61965179,0,0,12.69158077
3.00E+05,34136500,1,6,373,932,107,240,37,1,31,106,258,64,131,8,980,0,0,0,0,1,0,0,0,0,4434064,537753,970403,26414,62.16666794,5.166666508,155.3333282,0,39.91416168,17.66666603,1.333333373,17.83333397,74.61965179,9.04969883,16.33064651,0,0,74.61965179,0,0,12.61153793
172500,34136500,1,3,197,577,83,137,13,4,2,34,237,72,80,43,1000,0,0,0,0,1,0,0,0,0,4434064,537753,970403,26414,65.66666412,0.666666687,192.3333282,0,28.42287636,11.33333302,14.33333302,27.66666603,74.61965179,9.04969883,16.33064651,0,0,74.61965179,0,0,12.0581522
155000,34136500,1,2,107,347,31,75,8,4,4,26,216,27,69,8,968,0,0,1,0,0,0,0,0,1,4434064,537753,970403,26414,53.5,2,173.5,0,29.68299675,13,4,15.5,74.61965179,9.04969883,16.33064651,9.04969883,0,0,16.33064651,0,11.95118046
5359973,26958972,0,12,1800,6942,1043,1922,369,34,273,1014,277,752,797,32,978,0,0,1,0,0,0,10,0,0,1709309,616065,30160,17896,150,22.75,578.5,83.33333588,45.77931595,84.5,2.666666746,86.91666412,72.5656662,26.15394211,1.280389071,0,0,72.5656662,0,0,15.49446964
3800000,26958972,0,9,985,3606,502,945,174,13,189,594,262,363,584,28,992,1,0,0,0,0,0,2,0,0,1709309,616065,30160,17896,109.4444427,21,400.6666565,22.22222137,47.47642899,66,3.111111164,55.77777863,72.5656662,26.15394211,1.280389071,0,0,72.5656662,0,0,15.15051174
3025000,26958972,0,6,584,2116,272,547,92,25,63,267,259,160,337,64,988,0,0,0,0,1,0,0,0,1,1709309,616065,30160,17896,97.33333588,10.5,352.6666565,0,41.49338531,44.5,10.66666698,45.33333206,72.5656662,26.15394211,1.280389071,26.15394211,0,0,1.280389071,0,14.92242146
1855000,26958972,0,5,549,1704,239,406,70,21,31,168,238,233,308,106,983,0,0,0,0,1,0,1,0,0,1709309,616065,30160,17896,109.8000031,6.199999809,340.7999878,20,35.85680771,33.59999847,21.20000076,47.79999924,72.5656662,26.15394211,1.280389071,0,0,72.5656662,0,0,14.43339539
1650000,26958972,0,10,1155,4090,543,1063,200,48,17,295,260,391,352,228,978,0,1,0,0,0,0,2,0,1,1709309,616065,30160,17896,115.5,1.700000048,409,20,34.47432709,29.5,22.79999924,54.29999924,72.5656662,26.15394211,1.280389071,26.15394211,0,0,1.280389071,0,14.31628609
1100000,26958972,0,13,1844,6744,865,1930,334,46,241,1066,286,647,1017,30,978,0,0,0,0,1,0,5,0,1,1709309,616065,30160,17896,141.8461609,18.53846169,518.7692261,38.46154022,45.65539551,82,2.307692289,66.53845978,72.5656662,26.15394211,1.280389071,26.15394211,0,0,1.280389071,0,13.91082096
350000,26958972,0,4,232,723,92,181,29,1,32,78,250,90,136,0,996,0,0,0,0,0,1,0,0,0,1709309,616065,30160,17896,58,8,180.75,0,42.60027695,19.5,0,23,72.5656662,26.15394211,1.280389071,0,0,72.5656662,0,0,12.7656889
312500,26958972,0,3,267,898,105,224,41,2,33,110,249,111,167,3,957,0,0,0,1,0,0,0,1,0,1709309,616065,30160,17896,89,11,299.3333435,0,40.97995377,36.66666794,1,35,72.5656662,26.15394211,1.280389071,0,1.280389071,0,0,26.15394211,12.65235996
3.00E+05,26958972,0,7,402,1122,163,257,37,8,5,102,229,112,172,56,974,0,1,0,0,0,0,0,0,0,1709309,616065,30160,17896,57.42856979,0.714285731,160.2857208,0,28.96613121,14.5714283,8,23.2857151,72.5656662,26.15394211,1.280389071,0,0,72.5656662,0,0,12.61153793
237500,26958972,0,3,241,524,50,133,23,0,5,54,254.0000153,43,57,2,993,1,0,0,0,0,0,0,0,0,1709309,616065,30160,17896,80.33333588,1.666666627,174.6666718,0,32.63358688,18,0.666666687,16.66666603,72.5656662,26.15394211,1.280389071,0,0,72.5656662,0,0,12.37792301
197500,26958972,0,2,150,414,58,111,22,2,18,58,268,42,98,1,978,0,0,0,0,1,0,0,1,0,1709309,616065,30160,17896,75,9,207,0,46.13526535,29,0.5,29,72.5656662,26.15394211,1.280389071,0,1.280389071,0,0,26.15394211,12.19349384
120000,26958972,0,2,42,104,17,18,4,0,0,6,173,12,18,0,969,0,0,0,0,1,0,0,1,0,1709309,616065,30160,17896,21,0,52,0,21.15384674,3,0,8.5,72.5656662,26.15394211,1.280389071,0,1.280389071,0,0,26.15394211,11.6952467
4875000,37226584,0,17,2310,8890,1259,2504,444,94,399,1425,282,588,1313,310,984,0,0,0,0,1,0,8,0,1,3708228,239059,193199,23180,135.8823547,23.47058868,522.9411621,47.05882263,48.74015808,83.8235321,18.23529434,74.05882263,89.56021118,5.773694038,4.66609478,5.773694038,0,0,4.66609478,0,15.39963055
3325000,37226584,0,8,831,2980,418,912,167,26,84,489,306,312,230,60,979,0,0,0,0,1,0,2,0,0,3708228,239059,193199,23180,103.875,10.5,372.5,25,46.40939713,61.125,7.5,52.25,89.56021118,5.773694038,4.66609478,0,0,89.56021118,0,0,15.01698017
3.00E+06,37226584,0,9,842,3073,444,851,190,23,103,422,277,285,523,93,975,0,0,0,0,1,0,1,0,1,3708228,239059,193199,23180,93.55555725,11.44444466,341.444458,11.11111069,45.4279213,46.88888931,10.33333302,49.33333206,89.56021118,5.773694038,4.66609478,5.773694038,0,0,4.66609478,0,14.91412258
2200000,37226584,0,13,1624,5550,584,1481,256,26,95,614,267,382,704,78,990,0,0,0,0,0,1,1,1,0,3708228,239059,193199,23180,124.9230804,7.307692528,426.9230652,7.692307472,37.36936951,47.23077011,6,44.92307663,89.56021118,5.773694038,4.66609478,0,4.66609478,0,0,5.773694038,14.60396767
1075000,37226584,0,7,638,1940,209,452,100,9,24,187,233,148,370,18,961,0,0,1,0,0,0,0,1,0,3708228,239059,193199,23180,91.14286041,3.428571463,277.1428528,0,33.09278488,26.7142849,2.571428537,29.8571434,89.56021118,5.773694038,4.66609478,0,4.66609478,0,0,5.773694038,13.88783169
750000,37226584,0,9,1004,3521,474,926,171,25,42,311,263,221,401,196,985,0,0,0,0,1,0,0,0,1,3708228,239059,193199,23180,111.5555573,4.666666508,391.222229,0,36.15450287,34.55555725,21.77777863,52.66666794,89.56021118,5.773694038,4.66609478,5.773694038,0,0,4.66609478,0,13.52782822
7.00E+05,37226584,0,8,595,1746,159,410,78,6,31,185,235,90,345,4,992,0,0,0,0,0,1,0,0,0,3708228,239059,193199,23180,74.375,3.875,218.25,0,33.96334457,23.125,0.5,19.875,89.56021118,5.773694038,4.66609478,0,0,89.56021118,0,0,13.4588356
675000,37226584,0,12,1361,4411,557,1155,193,31,25,437,262,442,465,74,978,0,1,0,0,0,0,0,0,0,3708228,239059,193199,23180,113.4166641,2.083333254,367.5833435,0,33.66583633,36.41666794,6.166666508,46.41666794,89.56021118,5.773694038,4.66609478,0,0,89.56021118,0,0,13.42246819
4.00E+05,37226584,0,8,825,2361,294,610,84,20,43,264,258,224,369,19,963,0,0,1,0,0,0,0,0,1,3708228,239059,193199,23180,103.125,5.375,295.125,0,36.55230713,33,2.375,36.75,89.56021118,5.773694038,4.66609478,5.773694038,0,0,4.66609478,0,12.89921951
340000,37226584,0,4,337,1073,132,306,54,1,18,146,285,122,155,2,989,1,0,0,0,0,0,0,1,0,3708228,239059,193199,23180,84.25,4.5,268.25,0,38.76980591,36.5,0.5,33,89.56021118,5.773694038,4.66609478,0,4.66609478,0,0,5.773694038,12.73670101
270000,37226584,0,2,187,574,63,140,28,2,17,89,244,73,110,5,983,1,0,0,0,0,0,0,0,1,3708228,239059,193199,23180,93.5,8.5,287,0,38.85017395,44.5,2.5,31.5,89.56021118,5.773694038,4.66609478,5.773694038,0,0,4.66609478,0,12.50617695
240000,37226584,0,3,139,373,40,109,25,2,5,40,292,39,36,1,983,1,0,0,0,0,0,0,0,0,3708228,239059,193199,23180,46.33333206,1.666666627,124.3333359,0,41.01876831,13.33333302,0.333333343,13.33333302,89.56021118,5.773694038,4.66609478,0,0,89.56021118,0,0,12.38839436
222000,37226584,0,2,142,417,49,112,19,1,4,46,269,26,66,2,971,0,0,0,0,1,0,0,0,0,3708228,239059,193199,23180,71,2,208.5,0,34.77218246,23,1,24.5,89.56021118,5.773694038,4.66609478,0,0,89.56021118,0,0,12.31043243
2.00E+05,37226584,0,3,116,326,23,72,15,0,5,29,221,32,61,0,967,0,1,0,0,0,0,0,0,0,3708228,239059,193199,23180,38.66666794,1.666666627,108.6666641,0,31.28834343,9.666666985,0,7.666666508,89.56021118,5.773694038,4.66609478,0,0,89.56021118,0,0,12.20607281
135000,37226584,0,1,58,185,21,51,13,0,5,25,276,20,17,1,963,0,0,1,0,0,0,0,0,0,3708228,239059,193199,23180,58,5,185,0,42.70270157,25,1,21,89.56021118,5.773694038,4.66609478,0,0,89.56021118,0,0,11.81303024
1600000,15589667,0,4,347,1287,164,335,62,7,70,247,260,90,288,13,963,0,0,0,0,1,0,0,0,1,2261217,441940,52997,18774,86.75,17.5,321.75,0,48.25174713,61.75,3.25,41,82.04247284,16.03466225,1.922860622,16.03466225,0,0,1.922860622,0,14.28551388
1300000,15589667,0,5,280,948,93,248,52,2,12,105,262,49,106,7,988,0,0,0,0,0,1,3,0,1,2261217,441940,52997,18774,56,2.400000095,189.6000061,60,35.86497879,21,1.399999976,18.60000038,82.04247284,16.03466225,1.922860622,16.03466225,0,0,1.922860622,0,14.07787514
1200000,15589667,0,3,427,1562,218,457,77,5,38,221,293,99,207,13,965,0,1,0,0,0,0,1,1,0,2261217,441940,52997,18774,142.3333282,12.66666698,520.666687,33.33333206,42.12548065,73.66666412,4.333333492,72.66666412,82.04247284,16.03466225,1.922860622,0,1.922860622,0,0,16.03466225,13.9978323
975000,15589667,0,4,277,902,118,221,35,6,39,113,245,64,201,25,971,0,0,0,0,1,0,0,0,1,2261217,441940,52997,18774,69.25,9.75,225.5,0,42.68292618,28.25,6.25,29.5,82.04247284,16.03466225,1.922860622,16.03466225,0,0,1.922860622,0,13.7901926
950000,15589667,0,6,578,1692,169,431,42,9,1,111,255,123,105,17,972,0,0,1,0,0,0,0,1,0,2261217,441940,52997,18774,96.33333588,0.166666672,282,0,29.19621658,18.5,2.833333254,28.16666603,82.04247284,16.03466225,1.922860622,0,1.922860622,0,0,16.03466225,13.76421738
750000,15589667,0,9,564,1441,119,329,62,3,17,136,228,80,387,3,988,0,0,0,0,0,1,0,0,0,2261217,441940,52997,18774,62.66666794,1.888888836,160.1111145,0,31.08952141,15.11111069,0.333333343,13.22222233,82.04247284,16.03466225,1.922860622,0,0,82.04247284,0,0,13.52782822
5.00E+05,15589667,0,5,359,1162,112,308,52,6,19,121,265,48,173,9,975,1,0,0,0,0,0,0,1,0,2261217,441940,52997,18774,71.80000305,3.799999952,232.3999939,0,36.91910553,24.20000076,1.799999952,22.39999962,82.04247284,16.03466225,1.922860622,0,1.922860622,0,0,16.03466225,13.12236309
425000,15589667,0,2,168,650,105,179,16,8,5,42,275,73,73,68,981,0,0,0,0,1,0,0,0,1,2261217,441940,52997,18774,84,2.5,325,0,34.76922989,21,34,52.5,82.04247284,16.03466225,1.922860622,16.03466225,0,0,1.922860622,0,12.95984459
4.00E+05,15589667,0,7,517,1523,142,387,61,5,7,104,254.0000153,48,190,8,970,0,0,1,0,0,0,0,1,0,2261217,441940,52997,18774,73.85713959,1,217.5714264,0,31.45108414,14.85714245,1.142857194,20.2857151,82.04247284,16.03466225,1.922860622,0,1.922860622,0,0,16.03466225,12.89921951
350000,15589667,0,4,221,647,71,165,30,2,27,87,255,72,135,1,993,1,0,0,0,0,0,0,0,0,2261217,441940,52997,18774,55.25,6.75,161.75,0,43.27666092,21.75,0.25,17.75,82.04247284,16.03466225,1.922860622,0,0,82.04247284,0,0,12.7656889
335000,15589667,0,11,625,1569,120,408,56,4,5,157,260,105,185,7,985,0,0,0,0,0,1,0,1,0,2261217,441940,52997,18774,56.81818008,0.454545468,142.6363678,0,31.03887749,14.27272701,0.636363626,10.909091,82.04247284,16.03466225,1.922860622,0,1.922860622,0,0,16.03466225,12.72188568
325000,15589667,0,3,248,686,71,182,29,5,6,54,265,41,128,25,990,0,0,0,0,1,0,0,0,1,2261217,441940,52997,18774,82.66666412,2,228.6666718,0,34.8396492,18,8.333333015,23.66666603,82.04247284,16.03466225,1.922860622,16.03466225,0,0,1.922860622,0,12.69158077
3.00E+05,15589667,0,6,555,1764,199,495,84,12,26,163,281,116,151,12,976,0,1,0,0,0,0,0,0,0,2261217,441940,52997,18774,92.5,4.333333492,294,0,38.60544205,27.16666603,2,33.16666794,82.04247284,16.03466225,1.922860622,0,0,82.04247284,0,0,12.61153793
142500,15589667,0,2,55,197,19,51,9,2,4,19,259,5,41,0,993,1,0,0,0,0,0,0,0,1,2261217,441940,52997,18774,27.5,2,98.5,0,38.57868195,9.5,0,9.5,82.04247284,16.03466225,1.922860622,16.03466225,0,0,1.922860622,0,11.8670969
4200000,35948168,0,7,696,2297,353,590,91,3,161,473,257,287,628,0,990,1,0,0,0,0,0,2,0,1,3569087,975199,90947,17061,99.42857361,23,328.1428528,28.5714283,50.93600464,67.57142639,0,50.42856979,76.99908447,21.03883362,1.962080479,21.03883362,0,0,1.962080479,0,15.25059509
3866667,35948168,0,11,1292,4331,652,1120,190,37,68,450,259,634,762,97,967,0,0,0,0,1,0,0,0,1,3569087,975199,90947,17061,117.4545441,6.181818008,393.7272644,0,36.66589737,40.90909195,8.818181992,59.27272797,76.99908447,21.03883362,1.962080479,21.03883362,0,0,1.962080479,0,15.1679039
3433333,35948168,0,16,2095,7616,1211,2088,353,62,209,930,274,1047,965,134,984,0,1,0,0,0,0,5,0,1,3569087,975199,90947,17061,130.9375,13.0625,476,31.25,41.91176605,58.125,8.375,75.6875,76.99908447,21.03883362,1.962080479,21.03883362,0,0,1.962080479,0,15.04904175
3333333,35948168,0,9,932,2873,416,693,121,8,137,406,241,538,811,18,990,0,0,0,0,0,1,1,0,0,3569087,975199,90947,17061,103.5555573,15.22222233,319.222229,11.11111069,43.19526672,45.11111069,2,46.22222137,76.99908447,21.03883362,1.962080479,0,0,76.99908447,0,0,15.01948357
2066667,35948168,0,9,1002,3365,503,746,128,12,205,536,222,503,1210,38,978,0,0,0,0,1,0,0,0,0,3569087,975199,90947,17061,111.3333359,22.77777863,373.8888855,0,44.96285248,59.55555725,4.222222328,55.88888931,76.99908447,21.03883362,1.962080479,0,0,76.99908447,0,0,14.54144764
1400000,35948168,0,16,1965,7179,1077,2050,356,51,162,876,286,759,755,212,977,0,0,1,0,0,0,6,0,0,3569087,975199,90947,17061,122.8125,10.125,448.6875,37.5,41.70497131,54.75,13.25,67.3125,76.99908447,21.03883362,1.962080479,0,0,76.99908447,0,0,14.15198326
1150000,35948168,0,10,1106,4145,611,1120,187,38,61,390,270,316,575,214,984,0,0,0,0,1,0,0,0,0,3569087,975199,90947,17061,110.5999985,6.099999905,414.5,0,37.78045654,39,21.39999962,61.09999847,76.99908447,21.03883362,1.962080479,0,0,76.99908447,0,0,13.95527267
650000,35948168,0,3,379,1448,184,388,78,8,50,214,268,102,344,23,960,0,0,1,0,0,0,1,0,0,3569087,975199,90947,17061,126.3333359,16.66666603,482.6666565,33.33333206,43.64640808,71.33333588,7.666666508,61.33333206,76.99908447,21.03883362,1.962080479,0,0,76.99908447,0,0,13.38472748
5.00E+05,35948168,0,14,1351,4838,815,1298,216,44,210,701,268,599,1068,256,975,0,0,0,0,1,0,0,0,0,3569087,975199,90947,17061,96.5,15,345.5714417,0,46.13476563,50.07143021,18.2857151,58.2142868,76.99908447,21.03883362,1.962080479,0,0,76.99908447,0,0,13.12236309
425000,35948168,0,6,325,678,96,166,23,4,2,48,245,49,154,53,973,0,0,0,0,1,0,0,0,1,3569087,975199,90947,17061,54.16666794,0.333333343,113,0,29.9410038,8,8.833333015,16,76.99908447,21.03883362,1.962080479,21.03883362,0,0,1.962080479,0,12.95984459
275000,35948168,0,3,262,817,124,205,29,9,6,69,250.9999847,67,164,50,984,0,0,0,0,1,0,0,0,1,3569087,975199,90947,17061,87.33333588,2,272.3333435,0,33.04773712,23,16.66666603,41.33333206,76.99908447,21.03883362,1.962080479,21.03883362,0,0,1.962080479,0,12.5245266
250000,35948168,0,7,245,433,67,108,22,3,11,52,249,30,53,15,969,0,0,0,1,0,0,0,0,1,3569087,975199,90947,17061,35,1.571428537,61.8571434,0,39.03002167,7.428571224,2.142857075,9.571428299,76.99908447,21.03883362,1.962080479,21.03883362,0,0,1.962080479,0,12.42921638
240000,35948168,0,5,195,425,43,87,15,1,8,32,205,62,101,0,988,0,0,0,0,0,1,0,0,0,3569087,975199,90947,17061,39,1.600000024,85,0,30.11764717,6.400000095,0,8.600000381,76.99908447,21.03883362,1.962080479,0,0,76.99908447,0,0,12.38839436
230000,35948168,0,2,161,481,62,137,26,0,6,57,285,31,61,3,967,0,0,0,1,0,0,0,0,0,3569087,975199,90947,17061,80.5,3,240.5,0,37.62993622,28.5,1.5,31,76.99908447,21.03883362,1.962080479,0,0,76.99908447,0,0,12.34583473
2700000,22840832,0,19,2729,10554,1570,3025,558,123,243,1355,287,922,1257,262,971,0,0,0,0,1,0,3,0,0,1335470,214182,60340,17589,143.6315765,12.78947353,555.4736938,15.78947353,43.18741608,71.31578827,13.78947353,82.63157654,82.94886017,13.30329609,3.747844696,0,0,82.94886017,0,0,14.80876255
2500000,22840832,0,6,797,2783,314,745,119,16,32,350,268,205,219,83,988,0,0,0,0,0,1,0,0,0,1335470,214182,60340,17589,132.8333282,5.333333492,463.8333435,0,35.64498901,58.33333206,13.83333302,52.33333206,82.94886017,13.30329609,3.747844696,0,0,82.94886017,0,0,14.73180103
1640000,22840832,0,4,444,1538,227,360,71,9,72,260,234,167,362,28,984,0,0,0,0,1,0,0,0,1,1335470,214182,60340,17589,111,18,384.5,0,43.23797226,65,7,56.75,82.94886017,13.30329609,3.747844696,13.30329609,0,0,3.747844696,0,14.31020641
1333333,22840832,0,11,1425,5071,720,1353,216,39,84,491,267,703,597,208,983,0,1,0,0,0,0,0,0,0,1335470,214182,60340,17589,129.5454559,7.636363506,461,0,37.44823456,44.63636398,18.90909004,65.45454407,82.94886017,13.30329609,3.747844696,0,0,82.94886017,0,0,14.10319233
1100000,22840832,0,12,1656,5860,760,1454,287,29,255,856,248,721,1070,66,984,0,0,0,0,1,0,1,0,0,1335470,214182,60340,17589,138,21.25,488.3333435,8.333333015,43.75426483,71.33333588,5.5,63.33333206,82.94886017,13.30329609,3.747844696,0,0,82.94886017,0,0,13.91082096
1.00E+06,22840832,0,4,383,1134,172,331,43,13,8,148,292,99,101,74,997,0,0,0,0,1,0,0,0,1,1335470,214182,60340,17589,95.75,2,283.5,0,37.38977051,37,18.5,43,82.94886017,13.30329609,3.747844696,13.30329609,0,0,3.747844696,0,13.81551075
750000,22840832,0,4,371,1138,161,298,398,12,14,125,262,72,168,36,968,0,0,1,0,0,0,0,0,0,1335470,214182,60340,17589,92.75,3.5,284.5,0,66.95957947,31.25,9,40.25,82.94886017,13.30329609,3.747844696,0,0,82.94886017,0,0,13.52782822
725000,22840832,0,5,363,1018,109,267,63,3,39,144,262,84,225,2,945,0,0,0,0,1,0,0,0,0,1335470,214182,60340,17589,72.59999847,7.800000191,203.6000061,0,44.49901581,28.79999924,0.400000006,21.79999924,82.94886017,13.30329609,3.747844696,0,0,82.94886017,0,0,13.493927
350000,22840832,0,1,149,579,93,168,19,6,1,47,290,55,124,54,966,0,0,1,0,0,0,0,0,0,1335470,214182,60340,17589,149,1,579,0,34.88773727,47,54,93,82.94886017,13.30329609,3.747844696,0,0,82.94886017,0,0,12.7656889
250000,22840832,0,14,1302,4204,473,1110,183,41,70,402,264,326,619,161,964,0,0,1,0,0,0,1,0,0,1335470,214182,60340,17589,93,5,300.2857056,7.142857075,37.70218658,28.7142849,11.5,33.7857132,82.94886017,13.30329609,3.747844696,0,0,82.94886017,0,0,12.42921638
120000,22840832,0,1,51,164,15,38,8,0,4,25,232,17,18,2,992,0,0,0,0,0,1,0,0,0,1335470,214182,60340,17589,51,4,164,0,35.36585236,25,2,15,82.94886017,13.30329609,3.747844696,0,0,82.94886017,0,0,11.6952467
118000,22840832,0,1,47,133,17,30,3,1,2,10,226,12,30,10,1000,1,0,0,0,0,0,0,0,0,1335470,214182,60340,17589,47,2,133,0,30.82706833,10,10,17,82.94886017,13.30329609,3.747844696,0,0,82.94886017,0,0,11.67844009
110000,22840832,0,1,22,9,5,1,0,0,0,1,111,0,0,3,1000,0,0,0,0,1,0,0,1,0,1335470,214182,60340,17589,22,0,9,0,11.11111069,1,3,5,82.94886017,13.30329609,3.747844696,0,3.747844696,0,0,13.30329609,11.60823536
5050000,41033000,0,9,946,3340,507,950,193,16,177,620,284,499,881,35,964,0,0,0,0,1,0,1,0,1,12699119,3289465,2777951,19683,105.1111145,19.66666603,371.1111145,11.11111069,51.07784271,68.8888855,3.888888836,56.33333206,67.66896057,17.52835655,14.80268478,17.52835655,0,0,14.80268478,0,15.43489838
3833333,41033000,0,8,799,2618,321,679,147,7,96,411,259,306,456,61,989,0,0,0,0,1,0,1,0,0,12699119,3289465,2777951,19683,99.875,12,327.25,12.5,43.0863266,51.375,7.625,40.125,67.66896057,17.52835655,14.80268478,0,0,67.66896057,0,0,15.15924549
3820000,41033000,0,11,1426,5643,808,1754,363,15,192,913,311,427,343,14,995,1,0,0,0,0,0,6,0,0,12699119,3289465,2777951,19683,129.6363678,17.45454597,513,54.54545593,48.25447464,83,1.272727251,73.45454407,67.66896057,17.52835655,14.80268478,0,0,67.66896057,0,0,15.15576077
2900000,41033000,0,11,1625,6213,1067,2098,422,47,85,687,338,1004,470,16,963,0,0,0,1,0,0,8,0,0,12699119,3289465,2777951,19683,147.7272797,7.727272511,564.8181763,72.72727203,46.17736816,62.45454407,1.454545498,97,67.66896057,17.52835655,14.80268478,0,0,67.66896057,0,0,14.88022137
2500000,41033000,0,8,762,2379,269,610,83,4,117,362,256,174,333,8,990,0,0,0,0,0,1,1,0,0,12699119,3289465,2777951,19683,95.25,14.625,297.375,12.5,44.22026062,45.25,1,33.625,67.66896057,17.52835655,14.80268478,0,0,67.66896057,0,0,14.73180103
2250000,41033000,0,10,1277,4110,499,1000,173,52,40,354,243,473,450,74,978,0,0,1,0,0,0,0,0,0,12699119,3289465,2777951,19683,127.6999969,4,411,0,33.99026871,35.40000153,7.400000095,49.90000153,67.66896057,17.52835655,14.80268478,0,0,67.66896057,0,0,14.626441
1575000,41033000,0,8,782,1916,243,448,70,10,26,174,234,216,293,21,978,0,1,0,0,0,0,0,0,0,12699119,3289465,2777951,19683,97.75,3.25,239.5,0,32.15031433,21.75,2.625,30.375,67.66896057,17.52835655,14.80268478,0,0,67.66896057,0,0,14.26976585
1050000,41033000,0,6,385,1062,128,263,51,6,20,104,248,91,218,11,954,0,0,1,0,0,0,0,0,0,12699119,3289465,2777951,19683,64.16666412,3.333333254,177,0,36.34651566,17.33333397,1.833333373,21.33333397,67.66896057,17.52835655,14.80268478,0,0,67.66896057,0,0,13.86430073
350000,41033000,0,8,711,2144,277,605,115,18,23,204,282,306,307,49,990,0,0,0,0,1,0,0,0,1,12699119,3289465,2777951,19683,88.875,2.875,268,0,38.47947693,25.5,6.125,34.625,67.66896057,17.52835655,14.80268478,17.52835655,0,0,14.80268478,0,12.7656889
325000,41033000,0,7,520,1160,138,291,50,4,24,147,250.9999847,180,260,6,983,0,0,0,0,0,1,0,0,0,12699119,3289465,2777951,19683,74.2857132,3.428571463,165.7142792,0,36.29310226,21,0.857142866,19.7142849,67.66896057,17.52835655,14.80268478,0,0,67.66896057,0,0,12.69158077
255000,41033000,0,3,325,1040,146,245,35,1,55,139,236,151,267,9,983,1,0,0,0,0,0,0,0,0,12699119,3289465,2777951,19683,108.3333359,18.33333397,346.6666565,0,42.98077011,46.33333206,3,48.66666794,67.66896057,17.52835655,14.80268478,0,0,67.66896057,0,0,12.44901848
160000,41033000,0,2,202,616,73,144,34,6,10,50,234,40,124,20,964,0,1,0,0,0,0,0,0,0,12699119,3289465,2777951,19683,101,5,308,0,35.7142868,25,10,36.5,67.66896057,17.52835655,14.80268478,0,0,67.66896057,0,0,11.98292923
152000,41033000,0,3,187,524,53,129,22,1,12,55,246,54,88,2,959,0,0,0,0,0,1,0,0,0,12699119,3289465,2777951,19683,62.33333206,4,174.6666718,0,36.0687027,18.33333397,0.666666687,17.66666603,67.66896057,17.52835655,14.80268478,0,0,67.66896057,0,0,11.93163586
150000,41033000,0,2,147,581,82,149,33,6,8,60,256,77,93,17,986,0,0,0,0,1,0,0,0,1,12699119,3289465,2777951,19683,73.5,4,290.5,0,37.52151489,30,8.5,41,67.66896057,17.52835655,14.80268478,17.52835655,0,0,14.80268478,0,11.91839027
5500000,42866000,0,10,1344,5201,727,1370,264,34,242,873,263,294,867,181,981,0,0,0,0,1,0,2,0,1,NA,NA,NA,23642,134.3999939,24.20000076,520.0999756,20,46.68333054,87.30000305,18.10000038,72.69999695,NA,NA,NA,NA,NA,NA,NA,NA,15.5202589
4833333,42866000,0,5,761,2962,439,862,146,31,39,302,291,292,369,192,978,0,1,0,0,0,0,3,0,1,NA,NA,NA,23642,152.1999969,7.800000191,592.4000244,60,40.07427597,60.40000153,38.40000153,87.80000305,NA,NA,NA,NA,NA,NA,NA,NA,15.39104652
3583333,42866000,0,8,921,3514,545,891,157,41,93,361,254.0000153,246,743,200,984,0,0,0,0,1,0,1,0,1,NA,NA,NA,23642,115.125,11.625,439.25,12.5,40.09675598,45.125,25,68.125,NA,NA,NA,NA,NA,NA,NA,NA,15.09180355
3500000,42866000,0,15,1856,7520,1275,2281,405,86,160,790,303,755,882,412,968,1,0,0,0,0,0,5,0,0,NA,NA,NA,23642,123.7333298,10.66666698,501.3333435,33.33333206,44.38829803,52.66666794,27.46666718,85,NA,NA,NA,NA,NA,NA,NA,NA,15.06827354
2100000,42866000,0,7,517,1433,181,361,57,9,51,168,252,76,264,27,988,0,0,0,0,1,0,0,0,0,NA,NA,NA,23642,73.85713959,7.285714149,204.7142792,0,41.10258102,24,3.857142925,25.8571434,NA,NA,NA,NA,NA,NA,NA,NA,14.55744743
1487500,42866000,0,4,394,1278,177,344,73,2,47,182,269,195,221,1,994,1,0,0,0,0,0,0,0,0,NA,NA,NA,23642,98.5,11.75,319.5,0,43.97496033,45.5,0.25,44.25,NA,NA,NA,NA,NA,NA,NA,NA,14.21260738
8.00E+05,42866000,0,10,1203,3818,452,875,122,29,52,314,229,390,591,109,977,0,0,1,0,0,0,0,0,0,NA,NA,NA,23642,120.3000031,5.199999809,381.7999878,0,31.7181778,31.39999962,10.89999962,45.20000076,NA,NA,NA,NA,NA,NA,NA,NA,13.59236717
5.00E+05,42866000,0,10,761,2394,278,592,119,12,63,309,247,196,365,19,952,0,0,0,1,0,0,0,0,1,NA,NA,NA,23642,76.09999847,6.300000191,239.3999939,0,38.59649277,30.89999962,1.899999976,27.79999924,NA,NA,NA,NA,NA,NA,NA,NA,13.12236309
5.00E+05,42866000,0,17,1916,6685,744,1668,242,78,24,524,250,335,651,192,961,0,0,1,0,0,0,1,1,0,NA,NA,NA,23642,112.7058792,1.411764741,393.2352905,5.882352829,31.98204994,30.8235302,11.29411793,43.76470566,NA,NA,NA,NA,NA,NA,NA,NA,13.12236309
290000,42866000,0,3,252,812,89,212,29,4,11,72,261,33,55,12,978,0,1,0,0,0,0,0,1,0,NA,NA,NA,23642,84,3.666666746,270.6666565,0,34.72906494,24,4,29.66666603,NA,NA,NA,NA,NA,NA,NA,NA,12.57763577
182500,42866000,0,2,83,207,23,55,9,0,5,27,266,22,50,0,956,0,0,0,0,0,1,0,0,0,NA,NA,NA,23642,41.5,2.5,103.5,0,38.16424942,13.5,0,11.5,NA,NA,NA,NA,NA,NA,NA,NA,12.11450577
115000,42866000,0,2,26,34,3,6,1,2,0,3,176,0,10,0,980,0,0,1,0,0,0,0,0,0,NA,NA,NA,23642,13,0,17,0,32.35293961,1.5,0,1.5,NA,NA,NA,NA,NA,NA,NA,NA,11.65268707
112500,42866000,0,2,11,20,1,5,0,0,1,2,250,2,6,0,1000,0,0,0,0,0,1,0,0,0,NA,NA,NA,23642,5.5,0.5,10,0,40,1,0,0.5,NA,NA,NA,NA,NA,NA,NA,NA,11.63070869
109000,42866000,0,1,7,8,2,5,0,0,1,3,625,0,1,0,1000,1,0,0,0,0,0,0,1,0,NA,NA,NA,23642,7,1,8,0,100,3,0,2,NA,NA,NA,NA,NA,NA,NA,NA,11.59910297
4333333,27705332,0,9,921,3094,421,800,145,24,114,434,259,195,493,80,956,0,0,0,1,0,0,2,0,0,9388957,1229809,4779118,14731,102.3333359,12.66666698,343.777771,22.22222137,43.14802933,48.22222137,8.888889313,46.77777863,60.97563171,7.986870289,31.03749847,0,0,60.97563171,0,0,15.28184795
3.00E+06,27705332,0,12,1643,6031,745,1523,287,28,231,872,252.9999847,412,1060,82,965,0,0,0,1,0,0,2,0,0,9388957,1229809,4779118,14731,136.9166718,19.25,502.5833435,16.66666603,42.43077469,72.66666412,6.833333492,62.08333206,60.97563171,7.986870289,31.03749847,0,0,60.97563171,0,0,14.91412258
2475000,27705332,0,6,753,2740,426,818,96,41,13,242,299,200,329,195,982,0,0,0,0,1,0,0,1,0,9388957,1229809,4779118,14731,125.5,2.166666746,456.6666565,0,37.7737236,40.33333206,32.5,71,60.97563171,7.986870289,31.03749847,0,31.03749847,0,0,7.986870289,14.72175121
1750000,27705332,0,12,1590,5698,79,1538,275,28,197,818,270,707,1087,117,971,0,0,0,0,1,0,2,0,1,9388957,1229809,4779118,14731,132.5,16.41666603,474.8333435,16.66666603,43.1730423,68.16666412,9.75,6.583333492,60.97563171,7.986870289,31.03749847,7.986870289,0,0,31.03749847,0,14.37512589
6.00E+05,27705332,0,8,482,1069,125,249,36,3,13,91,233,97,167,16,975,0,0,0,1,0,0,0,1,0,9388957,1229809,4779118,14731,60.25,1.625,133.625,0,30.86997223,11.375,2,15.625,60.97563171,7.986870289,31.03749847,0,31.03749847,0,0,7.986870289,13.30468464
6.00E+05,27705332,0,8,758,1798,250,442,67,17,10,147,246,191,309,83,988,0,0,0,0,1,0,0,1,0,9388957,1229809,4779118,14731,94.75,1.25,224.75,0,31.8687439,18.375,10.375,31.25,60.97563171,7.986870289,31.03749847,0,31.03749847,0,0,7.986870289,13.30468464
525000,27705332,0,5,248,690,63,164,38,1,14,72,238,50,101,0,987,0,0,0,0,0,1,0,0,0,9388957,1229809,4779118,14731,49.59999847,2.799999952,138,0,35.65217209,14.39999962,0,12.60000038,60.97563171,7.986870289,31.03749847,0,0,60.97563171,0,0,13.17115307
450000,27705332,0,4,370,1192,176,308,52,7,12,85,258,105,215,46,982,0,0,0,0,1,0,0,0,1,9388957,1229809,4779118,14731,92.5,3,298,0,34.39597321,21.25,11.5,44,60.97563171,7.986870289,31.03749847,7.986870289,0,0,31.03749847,0,13.01700306
265000,27705332,0,4,195,632,91,148,22,1,3,45,234,26,64,10,964,0,0,1,0,0,0,0,0,0,9388957,1229809,4779118,14731,48.75,0.75,158,0,28.63924026,11.25,2.5,22.75,60.97563171,7.986870289,31.03749847,0,0,60.97563171,0,0,12.48748493
220000,27705332,0,1,139,441,59,114,16,2,10,46,259,51,71,43,978,0,0,0,0,1,0,0,0,0,9388957,1229809,4779118,14731,139,10,441,0,37.18820953,46,43,59,60.97563171,7.986870289,31.03749847,0,0,60.97563171,0,0,12.30138302
160000,27705332,0,4,119,306,30,62,13,0,3,25,203,24,97,1,987,0,0,0,0,0,1,0,0,0,9388957,1229809,4779118,14731,29.75,0.75,76.5,0,27.45098114,6.25,0.25,7.5,60.97563171,7.986870289,31.03749847,0,0,60.97563171,0,0,11.98292923
115000,27705332,0,1,23,79,8,14,1,0,2,6,177,11,23,1,953,0,0,0,0,1,0,0,0,0,9388957,1229809,4779118,14731,23,2,79,0,26.58227921,6,1,8,60.97563171,7.986870289,31.03749847,0,0,60.97563171,0,0,11.65268707
112500,27705332,0,1,47,151,14,39,5,0,1,12,258,8,26,9,964,0,1,0,0,0,0,0,0,1,9388957,1229809,4779118,14731,47,1,151,0,31.12582779,12,9,14,60.97563171,7.986870289,31.03749847,7.986870289,0,0,31.03749847,0,11.63070869
110000,27705332,0,1,7,14,1,2,1,0,0,2,143,5,5,0,1000,1,0,0,0,0,0,0,0,0,9388957,1229809,4779118,14731,7,0,14,0,21.4285717,2,0,1,60.97563171,7.986870289,31.03749847,0,0,60.97563171,0,0,11.60823536
109000,27705332,0,3,63,159,10,27,5,1,2,8,170,20,29,1,963,0,0,0,1,0,0,0,0,0,9388957,1229809,4779118,14731,21,0.666666687,53,0,25.15723228,2.666666746,0.333333343,3.333333254,60.97563171,7.986870289,31.03749847,0,0,60.97563171,0,0,11.59910297
3650000,35228168,0,11,1485,5713,778,1613,291,32,252,938,282,318,722,66,964,0,0,0,0,1,0,3,1,0,5772110,1547725,893422,18840,135,22.90909004,519.3636475,27.27272797,47.68072891,85.27272797,6,70.72727203,70.27796936,18.84422874,10.8778038,0,10.8778038,0,0,18.84422874,15.11023808
3500000,35228168,0,14,1704,6465,1138,1923,315,96,108,656,297,939,679,730,987,0,0,0,0,1,0,7,0,1,5772110,1547725,893422,18840,121.7142868,7.714285851,461.7857056,50,42.59860611,46.8571434,52.1428566,81.2857132,70.27796936,18.84422874,10.8778038,18.84422874,0,0,10.8778038,0,15.06827354
2266667,35228168,0,6,583,2059,258,563,61,38,4,176,273,120,177,131,984,0,0,0,0,1,0,0,0,1,5772110,1547725,893422,18840,97.16666412,0.666666687,343.1666565,0,34.57989502,29.33333397,21.83333397,43,70.27796936,18.84422874,10.8778038,18.84422874,0,0,10.8778038,0,14.63382149
2.00E+06,35228168,0,8,1095,3841,432,1021,143,42,10,338,266,124,308,136,975,0,0,1,0,0,0,3,1,0,5772110,1547725,893422,18840,136.875,1.25,480.125,37.5,33.27258682,42.25,17,54,70.27796936,18.84422874,10.8778038,0,10.8778038,0,0,18.84422874,14.50865746
1975000,35228168,0,12,1705,6797,891,1915,273,46,53,541,282,548,576,437,978,0,1,0,0,0,0,5,0,0,5772110,1547725,893422,18840,142.0833282,4.416666508,566.416687,41.66666794,35.88347626,45.08333206,36.41666794,74.25,70.27796936,18.84422874,10.8778038,0,0,70.27796936,0,0,14.49607849
1750000,35228168,0,8,816,2421,317,597,117,14,110,366,247,309,582,5,988,0,0,0,0,1,0,0,0,0,5772110,1547725,893422,18840,102,13.75,302.625,0,44.2792244,45.75,0.625,39.625,70.27796936,18.84422874,10.8778038,0,0,70.27796936,0,0,14.37512589
1700000,35228168,0,4,480,1736,230,470,83,3,44,254,271,236,197,5,956,0,0,0,1,0,0,1,0,0,5772110,1547725,893422,18840,120,11,434,25,39.80414581,63.5,1.25,57.5,70.27796936,18.84422874,10.8778038,0,0,70.27796936,0,0,14.34613895
1016667,35228168,0,7,459,1171,145,265,55,3,36,145,226,94,346,20,990,0,0,0,0,0,1,0,0,0,5772110,1547725,893422,18840,65.57142639,5.142857075,167.2857208,0,37.06233978,20.7142849,2.857142925,20.7142849,70.27796936,18.84422874,10.8778038,0,0,70.27796936,0,0,13.83203983
910000,35228168,0,6,534,1908,286,476,70,14,112,327,249,157,663,81,960,0,0,0,0,1,0,1,0,1,5772110,1547725,893422,18840,89,18.66666603,318,16.66666603,47.69392014,54.5,13.5,47.66666794,70.27796936,18.84422874,10.8778038,18.84422874,0,0,10.8778038,0,13.72119999
9.00E+05,35228168,0,3,378,1323,251,426,88,7,63,255,322,304,254,7,992,1,0,0,0,0,0,0,0,1,5772110,1547725,893422,18840,126,21,441,0,54.19501114,85,2.333333254,83.66666412,70.27796936,18.84422874,10.8778038,18.84422874,0,0,10.8778038,0,13.71014977
632500,35228168,0,3,254,630,68,160,40,6,10,75,254.0000153,76,98,1,975,0,0,1,0,0,0,0,0,0,5772110,1547725,893422,18840,84.66666412,3.333333254,210,0,38.41269684,25,0.333333343,22.66666603,70.27796936,18.84422874,10.8778038,0,0,70.27796936,0,0,13.35743523
5.00E+05,35228168,0,6,722,2794,440,785,160,27,93,387,281,251,450,93,986,0,0,0,1,0,0,1,0,1,5772110,1547725,893422,18840,120.3333359,15.5,465.6666565,16.66666603,45.74087143,64.5,15.5,73.33333588,70.27796936,18.84422874,10.8778038,18.84422874,0,0,10.8778038,0,13.12236309
285000,35228168,0,5,308,710,104,175,20,6,0,43,246,77,69,45,962,0,1,0,0,0,0,0,0,1,5772110,1547725,893422,18840,61.59999847,0,142,0,29.15493011,8.600000381,9,20.79999924,70.27796936,18.84422874,10.8778038,18.84422874,0,0,10.8778038,0,12.56024456
4400000,39776560,0,7,995,3780,521,1079,206,13,123,584,285,378,381,39,994,1,0,0,0,0,0,0,0,0,1320564,200508,45227,18407,142.1428528,17.5714283,540,0,44.44444275,83.42857361,5.571428776,74.42857361,84.31110382,12.80138683,2.887507439,0,0,84.31110382,0,0,15.29711533
3666667,39776560,0,10,1341,4892,660,1307,251,29,196,744,267,465,617,89,986,0,0,0,0,1,0,0,0,0,1320564,200508,45227,18407,134.1000061,19.60000038,489.2000122,0,45.05314636,74.40000153,8.899999619,66,84.31110382,12.80138683,2.887507439,0,0,84.31110382,0,0,15.11479378
3666667,39776560,0,10,1140,3386,452,844,183,35,69,335,249,188,676,79,971,0,0,1,0,0,0,0,0,0,1320564,200508,45227,18407,114,6.900000095,338.6000061,0,38.51151657,33.5,7.900000095,45.20000076,84.31110382,12.80138683,2.887507439,0,0,84.31110382,0,0,15.11479378
3100000,39776560,0,20,2562,9789,1514,3005,634,134,298,1520,307,1057,840,194,970,1,0,0,0,0,0,13,0,0,1320564,200508,45227,18407,128.1000061,14.89999962,489.4500122,65,49.04484558,76,9.699999809,75.69999695,84.31110382,12.80138683,2.887507439,0,0,84.31110382,0,0,14.94691277
2400000,39776560,0,6,779,2816,292,717,111,23,8,249,255,180,288,50,987,0,1,0,0,0,0,0,1,0,1320564,200508,45227,18407,129.8333282,1.333333373,469.3333435,0,31.88920403,41.5,8.333333015,48.66666794,84.31110382,12.80138683,2.887507439,0,2.887507439,0,0,12.80138683,14.690979
1525000,39776560,0,5,439,1566,190,449,81,10,33,210,287,118,308,61,983,0,0,0,0,1,0,1,1,0,1320564,200508,45227,18407,87.80000305,6.599999905,313.2000122,20,41.44316864,42,12.19999981,38,84.31110382,12.80138683,2.887507439,0,2.887507439,0,0,12.80138683,14.23750496
1175000,39776560,0,6,484,1456,160,365,92,9,42,195,250.9999847,102,276,3,993,0,0,0,0,0,1,0,0,0,1320564,200508,45227,18407,80.66666412,7,242.6666718,0,41.27747345,32.5,0.5,26.66666603,84.31110382,12.80138683,2.887507439,0,0,84.31110382,0,0,13.97677898
1090000,39776560,0,2,55,58,4,11,4,0,0,6,190,5,16,0,875,0,0,0,0,1,0,0,0,0,1320564,200508,45227,18407,27.5,0,29,0,25.86206818,3,0,2,84.31110382,12.80138683,2.887507439,0,0,84.31110382,0,0,13.90168858
460000,39776560,0,6,290,475,58,124,15,5,11,60,261,24,79,2,1000,0,0,0,0,1,0,0,0,1,1320564,200508,45227,18407,48.33333206,1.833333373,79.16666412,0,38.31578827,10,0.333333343,9.666666985,84.31110382,12.80138683,2.887507439,12.80138683,0,0,2.887507439,0,13.03898144
4.00E+05,39776560,0,10,960,2424,271,596,78,23,8,179,246,137,397,79,962,0,0,1,0,0,0,0,0,1,1320564,200508,45227,18407,96,0.800000012,242.3999939,0,30.69306946,17.89999962,7.900000095,27.10000038,84.31110382,12.80138683,2.887507439,12.80138683,0,0,2.887507439,0,12.89921951
378500,39776560,0,3,347,1330,170,331,59,17,17,139,249,75,216,42,994,0,0,0,0,1,0,0,0,1,1320564,200508,45227,18407,115.6666641,5.666666508,443.3333435,0,35.7142868,46.33333206,14,56.66666794,84.31110382,12.80138683,2.887507439,12.80138683,0,0,2.887507439,0,12.84397125
250000,39776560,0,13,1536,5745,637,1546,276,31,147,786,269,374,968,63,952,1,0,0,0,0,0,2,0,1,1320564,200508,45227,18407,118.1538467,11.30769253,441.9230652,15.38461494,40.46997452,60.46154022,4.846153736,49,84.31110382,12.80138683,2.887507439,12.80138683,0,0,2.887507439,0,12.42921638
225000,39776560,0,3,172,457,40,109,18,0,3,50,239,37,71,2,988,0,0,0,0,0,1,0,0,0,1320564,200508,45227,18407,57.33333206,1,152.3333282,0,29.75930023,16.66666603,0.666666687,13.33333302,84.31110382,12.80138683,2.887507439,0,0,84.31110382,0,0,12.3238554
115000,39776560,0,2,22,38,6,10,2,0,3,4,263,4,12,0,926,0,0,0,0,1,0,0,0,1,1320564,200508,45227,18407,11,1.5,19,0,55.26315689,2,0,3,84.31110382,12.80138683,2.887507439,12.80138683,0,0,2.887507439,0,11.65268707
5200000,27396932,0,9,1382,5645,820,1812,304,51,142,785,321,319,736,117,989,0,0,0,0,1,0,7,0,1,2270360,89710,37448,19592,153.5555573,15.77777767,627.222229,77.77777863,46.8379097,87.22222137,13,91.1111145,94.69626617,3.741786242,1.561948657,3.741786242,0,0,1.561948657,0,15.4641695
3100000,27396932,0,12,1543,5526,809,1580,290,17,258,950,286,730,713,33,994,1,0,0,0,0,0,1,0,0,2270360,89710,37448,19592,128.5833282,21.5,460.5,8.333333015,48.4618187,79.16666412,2.75,67.41666412,94.69626617,3.741786242,1.561948657,0,0,94.69626617,0,0,14.94691277
3050000,27396932,0,5,585,1712,271,514,82,21,46,230,300,159,322,61,984,0,0,0,0,1,0,0,0,1,2270360,89710,37448,19592,117,9.199999809,342.3999939,0,45.32710266,46,12.19999981,54.20000076,94.69626617,3.741786242,1.561948657,3.741786242,0,0,1.561948657,0,14.93065262
2700000,27396932,0,19,2707,10047,1551,2866,493,83,432,1710,285,1126,1503,218,982,0,0,0,0,1,0,12,0,1,2270360,89710,37448,19592,142.4736786,22.7368412,528.7894897,63.15789413,47.98447418,90,11.47368431,81.63157654,94.69626617,3.741786242,1.561948657,3.741786242,0,0,1.561948657,0,14.80876255
2400000,27396932,0,13,788,2363,264,697,145,6,47,323,295,95,140,7,985,0,0,0,0,0,1,0,0,0,2270360,89710,37448,19592,60.61538315,3.615384579,181.7692261,0,42.10749054,24.84615326,0.538461566,20.30769157,94.69626617,3.741786242,1.561948657,0,0,94.69626617,0,0,14.690979
6.00E+05,27396932,0,6,702,2177,258,580,124,11,31,247,266,247,262,23,992,1,0,0,0,0,0,0,0,0,2270360,89710,37448,19592,117,5.166666508,362.8333435,0,37.62057877,41.16666794,3.833333254,43,94.69626617,3.741786242,1.561948657,0,0,94.69626617,0,0,13.30468464
5.00E+05,27396932,0,2,306,1165,182,337,43,12,3,106,289,147,100,59,983,0,1,0,0,0,0,1,0,0,2270360,89710,37448,19592,153,1.5,582.5,50,35.45064545,53,29.5,91,94.69626617,3.741786242,1.561948657,0,0,94.69626617,0,0,13.12236309
4.00E+05,27396932,0,9,1044,3290,380,774,165,14,121,434,235,302,687,12,953,0,0,0,1,0,0,0,0,0,2270360,89710,37448,19592,116,13.44444466,365.555542,0,40.42553329,48.22222137,1.333333373,42.22222137,94.69626617,3.741786242,1.561948657,0,0,94.69626617,0,0,12.89921951
275000,27396932,0,3,252,633,89,165,26,4,8,59,261,66,98,11,962,0,0,1,0,0,0,0,0,0,2270360,89710,37448,19592,84,2.666666746,211,0,35.22906876,19.66666603,3.666666746,29.66666603,94.69626617,3.741786242,1.561948657,0,0,94.69626617,0,0,12.5245266
253600,27396932,0,3,200,641,72,175,27,5,19,102,273,28,137,10,986,0,0,0,0,1,0,0,1,0,2270360,89710,37448,19592,66.66666412,6.333333492,213.6666718,0,41.96567917,34,3.333333254,24,94.69626617,3.741786242,1.561948657,0,1.561948657,0,0,3.741786242,12.44351387
250000,27396932,0,11,1184,3000,387,756,152,26,92,406,252,341,492,33,985,0,0,0,0,1,0,0,0,0,2270360,89710,37448,19592,107.6363602,8.363636017,272.7272644,0,41.20000076,36.90909195,3,35.18181992,94.69626617,3.741786242,1.561948657,0,0,94.69626617,0,0,12.42921638
172000,27396932,0,4,87,178,21,51,14,1,4,22,287,19,24,0,994,0,0,0,0,0,1,0,0,1,2270360,89710,37448,19592,21.75,1,44.5,0,44.38202286,5.5,0,5.25,94.69626617,3.741786242,1.561948657,3.741786242,0,0,1.561948657,0,12.05525017
4200000,35714832,0,7,1060,4144,588,1160,230,44,156,673,280,298,597,88,973,0,0,0,0,1,0,1,1,0,4434064,537753,970403,24870,151.4285736,22.2857151,592,14.28571415,46.95946121,96.14286041,12.5714283,84,74.61965179,9.04969883,16.33064651,0,16.33064651,0,0,9.04969883,15.25059509
4.00E+06,35714832,0,7,916,3123,504,772,128,5,220,608,247,527,697,6,940,1,0,0,0,0,0,6,0,0,4434064,537753,970403,24870,130.8571472,31.4285717,446.1428528,85.7142868,50.27217484,86.85713959,0.857142866,72,74.61965179,9.04969883,16.33064651,0,0,74.61965179,0,0,15.20180511
3250000,35714832,0,14,1859,6879,1472,2000,329,54,199,725,291,1286,925,1042,980,0,0,0,0,1,0,10,0,1,4434064,537753,970403,24870,132.7857208,14.21428585,491.3571472,71.42857361,44.1052475,51.7857132,74.42857361,105.1428604,74.61965179,9.04969883,16.33064651,9.04969883,0,0,16.33064651,0,14.99416542
2800000,35714832,0,7,733,2484,278,675,114,9,61,330,272,182,373,9,984,0,0,0,0,0,1,2,0,0,4434064,537753,970403,24870,104.7142868,8.714285851,354.8571472,28.5714283,39.85507202,47.1428566,1.285714269,39.7142868,74.61965179,9.04969883,16.33064651,0,0,74.61965179,0,0,14.84512997
2600000,35714832,0,12,1375,4550,646,1191,253,16,172,624,262,417,964,48,984,0,0,0,0,1,0,1,0,1,4434064,537753,970403,24870,114.5833359,14.33333302,379.1666565,8.333333015,43.78022003,52,4,53.83333206,74.61965179,9.04969883,16.33064651,9.04969883,0,0,16.33064651,0,14.77102184
627500,35714832,0,5,367,798,133,185,40,2,7,69,232,133,154,41,985,0,1,0,0,0,0,0,0,0,4434064,537753,970403,24870,73.40000153,1.399999976,159.6000061,0,31.32832146,13.80000019,8.199999809,26.60000038,74.61965179,9.04969883,16.33064651,0,0,74.61965179,0,0,13.34949875
625000,35714832,0,7,728,2417,341,657,101,21,17,222,272,294,266,65,975,0,0,0,1,0,0,0,0,1,4434064,537753,970403,24870,104,2.428571463,345.2857056,0,35.2089386,31.7142849,9.285714149,48.7142868,74.61965179,9.04969883,16.33064651,9.04969883,0,0,16.33064651,0,13.34550667
6.00E+05,35714832,0,7,889,3289,482,955,163,25,38,336,290,426,370,63,957,0,0,0,1,0,0,1,0,0,4434064,537753,970403,24870,127,5.428571224,469.8571472,14.28571415,38.97841263,48,9,68.85713959,74.61965179,9.04969883,16.33064651,0,0,74.61965179,0,0,13.30468464
4.00E+05,35714832,0,3,269,753,83,208,24,5,3,69,276,55,100,15,977,0,0,1,0,0,0,0,0,0,4434064,537753,970403,24870,89.66666412,1,251,0,33.33333206,23,5,27.66666603,74.61965179,9.04969883,16.33064651,0,0,74.61965179,0,0,12.89921951
120000,35714832,0,1,24,53,8,14,3,0,3,9,264,5,15,0,850,0,0,0,0,1,0,0,0,0,4434064,537753,970403,24870,24,3,53,0,49.05660248,9,0,8,74.61965179,9.04969883,16.33064651,0,0,74.61965179,0,0,11.6952467
4.00E+06,31580834,0,4,578,2165,311,652,132,12,87,344,301,222,313,60,984,0,0,0,0,1,0,3,0,1,221710,133266,75555,17922,144.5,21.75,541.25,75,49.37644196,86,15,77.75,51.49687195,30.95386887,17.54925919,30.95386887,0,0,17.54925919,0,15.20180511
3016667,31580834,0,6,521,1805,295,561,122,8,45,204,311,235,233,17,947,0,0,0,1,0,0,1,1,0,221710,133266,75555,17922,86.83333588,7.5,300.8333435,16.66666603,46.20498657,34,2.833333254,49.16666794,51.49687195,30.95386887,17.54925919,0,17.54925919,0,0,30.95386887,14.91966343
2772500,31580834,0,6,490,1599,212,393,72,9,81,261,246,189,467,4,984,0,0,0,0,1,0,0,0,0,221710,133266,75555,17922,81.66666412,13.5,266.5,0,45.40337753,43.5,0.666666687,35.33333206,51.49687195,30.95386887,17.54925919,0,0,51.49687195,0,0,14.83526039
2187500,31580834,0,11,1495,5227,624,1367,247,21,162,709,262,615,542,24,994,1,0,0,0,0,0,0,0,0,221710,133266,75555,17922,135.9090881,14.72727299,475.1818237,0,40.97953033,64.45454407,2.181818247,56.72727203,51.49687195,30.95386887,17.54925919,0,0,51.49687195,0,0,14.59826946
1866667,31580834,0,9,711,2079,231,479,85,10,59,255,230,177,300,3,991,0,0,0,0,0,1,0,0,0,221710,133266,75555,17922,79,6.555555344,231,0,36.60413742,28.33333397,0.333333343,25.66666603,51.49687195,30.95386887,17.54925919,0,0,51.49687195,0,0,14.43966484
1112500,31580834,0,4,502,1551,155,388,46,13,4,100,250,123,137,27,980,0,0,1,0,0,0,0,1,0,221710,133266,75555,17922,125.5,1,387.75,0,30.43198013,25,6.75,38.75,51.49687195,30.95386887,17.54925919,0,17.54925919,0,0,30.95386887,13.92212009
9.00E+05,31580834,0,9,776,1938,271,509,79,9,39,189,263,102,312,114,990,0,0,0,0,1,0,0,1,0,221710,133266,75555,17922,86.22222137,4.333333492,215.3333282,0,37.3065033,21,12.66666698,30.11111069,51.49687195,30.95386887,17.54925919,0,17.54925919,0,0,30.95386887,13.71014977
850000,31580834,0,8,732,1803,277,464,50,25,13,140,257,142,168,143,983,0,0,0,0,1,0,0,0,1,221710,133266,75555,17922,91.5,1.625,225.375,0,33.44425964,17.5,17.875,34.625,51.49687195,30.95386887,17.54925919,30.95386887,0,0,17.54925919,0,13.65299129
475000,31580834,0,6,434,971,84,272,58,5,15,135,280,40,74,0,983,0,0,0,0,0,1,0,0,0,221710,133266,75555,17922,72.33333588,2.5,161.8333282,0,39.64984512,22.5,0,14,51.49687195,30.95386887,17.54925919,0,0,51.49687195,0,0,13.07106972
287500,31580834,0,3,196,640,68,156,25,2,20,80,244,62,110,2,995,1,0,0,0,0,0,0,1,0,221710,133266,75555,17922,65.33333588,6.666666508,213.3333282,0,38.28125,26.66666603,0.666666687,22.66666603,51.49687195,30.95386887,17.54925919,0,17.54925919,0,0,30.95386887,12.56897831
2.00E+05,31580834,0,4,291,614,51,141,26,5,10,71,230,40,132,1,983,0,1,0,0,0,0,0,0,0,221710,133266,75555,17922,72.75,2.5,153.5,0,33.71335602,17.75,0.25,12.75,51.49687195,30.95386887,17.54925919,0,0,51.49687195,0,0,12.20607281
150000,31580834,0,13,1092,3216,480,889,138,19,10,240,276,370,472,117,976,0,1,0,0,0,0,0,0,0,221710,133266,75555,17922,84,0.769230783,247.384613,0,34.04850769,18.46153831,9,36.92307663,51.49687195,30.95386887,17.54925919,0,0,51.49687195,0,0,11.91839027
4800000,35586456,0,8,972,3655,614,974,171,8,235,734,266,433,998,128,974,0,0,0,0,1,0,5,1,0,2924673,554616,518917,15020,121.5,29.375,456.875,62.5,51.05335236,91.75,16,76.75,73.14963531,13.87162113,12.97874641,0,12.97874641,0,0,13.87162113,15.38412666
4550000,35586456,0,7,886,3270,463,968,194,23,95,421,296,305,328,28,992,1,0,0,0,0,0,2,1,0,2924673,554616,518917,15020,126.5714264,13.5714283,467.1428528,28.5714283,45.65749359,60.1428566,4,66.14286041,73.14963531,13.87162113,12.97874641,0,12.97874641,0,0,13.87162113,15.33063793
2937500,35586456,0,11,1402,5416,807,1630,249,40,86,679,301,499,637,220,969,0,1,0,0,0,0,3,1,0,2924673,554616,518917,15020,127.4545441,7.818181992,492.3636475,27.27272797,40.93426895,61.72727203,20,73.36363983,73.14963531,13.87162113,12.97874641,0,12.97874641,0,0,13.87162113,14.89306927
1900000,35586456,0,8,753,2152,231,547,67,17,16,199,254.0000153,160,426,26,979,0,0,1,0,0,0,0,1,0,2924673,554616,518917,15020,94.125,2,269,0,32.34200668,24.875,3.25,28.875,73.14963531,13.87162113,12.97874641,0,12.97874641,0,0,13.87162113,14.45736408
650000,35586456,0,11,750,1741,168,469,78,9,23,179,269,194,246,6,984,0,0,0,0,0,1,0,0,0,2924673,554616,518917,15020,68.1818161,2.090909004,158.2727203,0,36.41585159,16.27272797,0.545454562,15.27272701,73.14963531,13.87162113,12.97874641,0,0,73.14963531,0,0,13.38472748
525000,35586456,0,4,346,1279,172,331,68,4,75,230,259,85,296,4,978,0,0,0,0,1,0,0,1,0,2924673,554616,518917,15020,86.5,18.75,319.75,0,49.41360474,57.5,1,43,73.14963531,13.87162113,12.97874641,0,12.97874641,0,0,13.87162113,13.17115307
5.00E+05,35586456,0,11,1064,3258,561,813,170,47,84,319,250,454,647,318,983,1,0,0,0,0,0,0,0,0,2924673,554616,518917,15020,96.72727203,7.636363506,296.1818237,0,40.79189682,29,28.90909004,51,73.14963531,13.87162113,12.97874641,0,0,73.14963531,0,0,13.12236309
450000,35586456,0,5,443,1070,133,257,37,9,3,80,240,94,93,47,990,0,0,0,0,1,0,0,0,0,2924673,554616,518917,15020,88.59999847,0.600000024,214,0,30,16,9.399999619,26.60000038,73.14963531,13.87162113,12.97874641,0,0,73.14963531,0,0,13.01700306
312000,35586456,0,5,439,1098,150,260,41,8,6,83,237,136,138,43,964,0,0,1,0,0,0,0,0,0,2924673,554616,518917,15020,87.80000305,1.200000048,219.6000061,0,30.5100174,16.60000038,8.600000381,30,73.14963531,13.87162113,12.97874641,0,0,73.14963531,0,0,12.65075874
275000,35586456,0,2,211,700,63,183,32,1,11,64,261,29,115,0,983,0,0,0,0,0,1,0,1,0,2924673,554616,518917,15020,105.5,5.5,350,0,35.7142868,32,0,31.5,73.14963531,13.87162113,12.97874641,0,12.97874641,0,0,13.87162113,12.5245266
250000,35586456,0,3,249,828,112,176,36,2,41,110,213,94,264,10,941,0,0,0,1,0,0,0,0,0,2924673,554616,518917,15020,83,13.66666698,276,0,40.94202805,36.66666794,3.333333254,37.33333206,73.14963531,13.87162113,12.97874641,0,0,73.14963531,0,0,12.42921638
2.00E+05,35586456,0,6,667,2087,217,510,92,5,13,168,244,137,239,20,987,0,1,0,0,0,0,0,0,0,2924673,554616,518917,15020,111.1666641,2.166666746,347.8333435,0,31.19309998,28,3.333333254,36.16666794,73.14963531,13.87162113,12.97874641,0,0,73.14963531,0,0,12.20607281
109000,35586456,0,1,12,24,1,4,0,0,0,2,167,0,3,0,857,0,0,0,0,1,0,0,0,0,2924673,554616,518917,15020,12,0,24,0,16.66666603,2,0,1,73.14963531,13.87162113,12.97874641,0,0,73.14963531,0,0,11.59910297
